"","H005","H010","H011","H012","H013","H014","H015","H016","H017","H019","H020","H021","H023","H027","H028","H029","H030","H031","H033","H035","H036","H037","H038","H039","H040","H041","H042","H043","H044","H045","H046","H047","H048","H049","H051","H053","H054","H055","H056","H057","H058","H059","H060","H063","H065","H066","H069","H072","H073","H077","H078","H079","H080","H081","H082","H084","H088","H089","H090","H093","H094","H095","H099","H100","H101","H102","H103","H104","H105","H107","H108","H109","H110","H111","H113","H115","H117","H118","H135","H148","H163","H164","H165","H167","H169","H171","H173","H187","H192","H194","H225","H228","H231","H233","H234","H236","H238","H239","H240","H242","H243","H246","H247","H249","H255","H257","H260","H265","H266","H270","H271"
"H005",1.00689411549896,0,0,0,0,0,0,0,0,0,0,0,0,0.00390826531339807,0,0.0587363103916075,0,0,0,0,0,0,0,0,0,0.00413666612875825,0,0,0.128948887886977,0,0,0,0.0115994258916393,0,0,0,0,0,0,0.0101103675155405,0.0218271316026994,0,0,0,0,0,0,0.0405316696268141,0.0359552703368461,0,0,0,0,0,0,0,0,0,0,0,0,0,0,0,0,0,0.01560113364994,0,0,0.029057139194389,0,0,0,0,0.0294989671223016,0.167979650190505,0,0,0,0,0,0,0,0,0,0,0.039835082692012,0,0.0324459485556862,0,0,0.0710379206355666,0,0,0,0,0,0,0,0,0,0,0,0,0,0,0,0,0,0,0.135405973996821
"H010",0,1.22560759590117,0,0.0881644287100509,0,0,0.00847093854962131,0,0,0,0,0,0,0.011847717550066,0,0.0226333104416651,0,0.0324204292306145,0,0.0236272850487233,0,0,0,0,0,0,0.0051113777898966,0.0545781453824644,0,0,0,0,0,0,0,0,0.0355004622257489,0,0,0,0,0,0,0,0.0192114248358336,0.0230207603334339,0,0,0,0.00381169853581989,0,0,0.00473147332233423,0,0,0,0,0,0,0,0,0.0498389151505362,0,0,0,0,0,0,0,0,0,0,0,0,0,0,0.00392822175405938,0,0,0.0238127088285709,0,0,0.0571533302817628,0.0148030400701271,0,0.00632247732689621,0,0.0298058629726759,0,0,0,0,0.101202117896378,0,0,0,0,0.0329401150893853,0,0,0,0,0,0,0,0,0,0,0,0,0
"H011",0,0,0.734952163364379,0,0,0,0,0,0,0.00456616900465418,0,0,0,0,0,0,0,0,0,0,0,0.0248262470799292,0.0122851722104675,0,0.00329574437775175,0,0,0,0,0,0.00981751042154432,0,0,0,0.216617598007958,0,0.0835793135548366,0,0,0,0,0,0.00801979766730821,0,0,0,0,0,0,0,0,0,0,0.0142185609600181,0.00514885850851371,0,0.145738326794127,0,0,0,0,0,0.0142699875865907,0,0.0022815614291046,0,0,0,0,0,0,0,0.00773198185614497,0,0,0,0,0.0108446159324627,0,0,0,0,0.0881973273541468,0,0.00957491037629431,0,0,0,0.138060773726084,0,0.0105157980597011,0,0,0,0,0.257887656799314,0,0,0,0,0,0,0.00267056147578128,0,0,0,0,0,0,0,0
"H012",0,0.0881644287100509,0,1.20636570341684,0,0,0,0,0.0359439028221597,0,0,0,0.0193962792772183,0,0,0.08681019325007,0,0.0396403212219373,0,0,0,0,0,0,0,0,0.0152354685415239,0.0115386522213,0,0.0266077088622964,0,0.0435213538636618,0,0,0,0,0,0,0,0,0,0,0,0,0,0,0.00740438171186737,0,0,0.00791437465335493,0,0,0.0108185842154351,0,0,0,0,0,0,0.00909869202634298,0,0,0,0,0,0,0,0,0,0,0,0,0,0,0,0,0,0,0,0.00754885090486679,0,0.00292706309849341,0.0126720764795587,0,0,0,0,0,0,0,0,0,0,0.00742795258956207,0,0,0.016311523566809,0,0,0,0.0202930540015323,0,0,0,0,0.0394686633319751,0,0,0,0,0
"H013",0,0,0,0,0.831145090631488,0,0,0,0.22851193624903,0,0,0,0,0,0,0,0.00273200938769499,0,0,0,0,0,0,0,0.00912316496657529,0.00735383763536972,0,0,0.00192261494809244,0.0137686669361663,0.0372193780574792,0,0,0,0,0,0,0.0117233043827756,0.017001082094285,0,0,0,0,0,0,0,0.00324180698407116,0,0,0,0,0,0,0,0.0157112656938112,0,0,0,0,0,0,0.0159850391857361,0,0,0,0,0,0,0,0,0.00550131472074686,0.262070872199105,0,0.00256142961937313,0,0,0,0,0,0,0,0,0,0,0,0.00447816151374125,0,0.0249641712550734,0,0,0,0,0,0.00311006907697984,0.136802032427992,0,0,0,0,0,0,0.0267322885994239,0,0,0.000643630412160236,0,0.32919513248384,0,0,0,0
"H014",0,0,0,0,0,1.00890237750573,0,0,0,0.0175171374612714,0,0,0.073268423025836,0,0.00325141109219021,0,0,0,0,0,0,0,0,0,0,0,0,0.00277386744081189,0,0,0,0,0.0204139811635047,0,0.0238376493188204,0,0,0,0,0,0.04950352169943,0,0,0,0,0.0120664292110272,0.00439841357411268,0,0,0.00394725417713731,0.19319291915947,0,0,0,0,0,0,0,0.0502297231023965,0.0718178736748448,0,0,0,0,0,0.0032753947890724,0,0,0,0,0,0,0,0,0,0,0,0,0,0.161421494253632,0,0,0,0,0,0,0.0141482900614182,0,0,0,0,0,0,0,0,0,0,0,0,0.106828323014274,0,0,0,0,0,0.0118468559144783,0,0,0,0.0153611090261084,0
"H015",0,0.00847093854962131,0,0,0,0,1.15819155959105,0,0,0,0,0,0.184447805598125,0,0.0178141239448814,0.0127855253549454,0,0,0,0.062829501256314,0,0,0,0,0,0,0.00949561624378443,0,0,0,0,0,0,0,0,0,0.0107128713810713,0,0,0,0,0,0,0.105839182237762,0,0,0.026994457347692,0,0,0,0,0.0815950170266642,0.0127770117339485,0.018731367490926,0,0,0,0,0.0292407206965516,0.216110071163178,0,0,0,0,0,0,0,0,0,0,0,0,0,0,0,0,0.00761360748633338,0,0,0,0,0,0,0,0,0.00680933217225879,0,0.0114374821277337,0.00670459747315577,0,0,0,0,0,0,0,0,0,0,0,0,0,0,0,0,0,0,0,0,0,0
"H016",0,0,0,0,0,0,0,0.895529536335064,0,0,0,0.0146061414587385,0,0,0,0.0180287574591906,0,0.0195792073943507,0,0.0515151926483277,0,0.0430602040128167,0.157498217054068,0,0,0,0,0,0,0,0,0,0,0.0970877990717994,0.010224409304679,0,0,0,0,0.0156104848174956,0,0.0480222071328895,0,0.0210548679693729,0,0,0,0,0.0142207524368237,0,0.017945113369927,0,0,0,0,0,0,0,0,0,0,0,0,0.226950436769576,0,0,0,0,0,0,0,0,0,0,0.156467017818467,0.0479937844929004,0,0,0,0,0.0107323431552771,0,0,0,0,0,0,0,0.00580013309580048,0,0,0,0,0,0,0,0,0,0.0464550925519605,0,0.0702878194794976,0,0,0,0,0,0,0,0.0454146327156526,0,0
"H017",0,0,0,0.0359439028221597,0.22851193624903,0,0,0,0.625953791443948,0,0,0,0,0,0,0,0.0142198681671865,0,0,0,0,0,0,0,0,0.0108335797211392,0.0147234126395905,0,0,0.2228930086359,0.00455649100762029,0.193827339231218,0,0,0,0,0,0,0.00236653065621246,0,0,0,0,0,0.0442287199045896,0,0.0572872616067685,0,0,0,0,0,0.0679043527815681,0,0.0024229129030703,0,0,0,0,0,0,0,0,0,0,0,0,0.0330556290321642,0,0,0,0.00370985778131891,0,0.00762466751667704,0,0,0,0,0,0,0,0,0.0763940753646253,0.00515898996335095,0,0,0,0.0281135884150263,0,0,0,0,0,0,0,0,0.0720645149018035,0,0,0,0.0739744497567892,0,0,0,0,0.20370451020727,0.189284204017749,0.000603188877282469,0,0,0
"H019",0,0,0.00456616900465418,0,0,0.0175171374612714,0,0,0,1.04767436456746,0,0,0,0,0,0,0,0.00886236866095441,0,0,0,0,0,0,0,0,0,0,0,0,0,0,0.0311974242460067,0,0.0101351758816775,0.155565661182359,0,0.0247888221556219,0,0.0262358688183167,0.228337482014592,0,0,0,0,0,0,0,0,0,0,0,0,0,0.0485374773243362,0,0.0052400535906969,0.0116119704704959,0,0,0,0,0,0,0,0,0.0576191758582313,0,0,0,0.0196184737747563,0,0,0,0,0,0,0,0,0,0,0,0,0,0,0,0.137607319120982,0,0,0,0,0,0,0,0,0,0,0,0,0,0,0,0,0,0,0.019437010701877,0,0,0,0.0211126559841615,0
"H020",0,0,0,0,0,0,0,0,0,0,0.932305163366305,0,0,0,0.0319132058505897,0,0,0,0.0139635924122644,0,0.0391902444208715,0,0.00404070705643834,0.0101341435908453,0,0.085918782865108,0,0,0,0,0,0,0,0.00674665324675475,0,0,0,0,0.0240404153772758,0.193217350395155,0,0.032660731958172,0,0,0,0,0,0,0.111008884749501,0,0,0,0,0,0,0,0,0.0273903895242721,0,0,0.00897839557952856,0,0,0.089931683717466,0.0381663445844197,0,0,0,0,0,0,0,0,0,0.00657777536224047,0.00869295423284575,0,0,0,0,0,0,0,0,0,0,0,0,0,0.15000624399234,0,0,0,0,0,0.0354196795175142,0,0,0,0,0,0,0,0.0380301216080477,0,0,0,0,0.144366182235769,0,0.00787929725209819
"H021",0,0,0,0,0,0,0,0.0146061414587385,0,0,0,0.894272677356188,0,0,0.0167335479729455,0,0,0,0.12206931572008,0,0,0,0.0493196480205841,0.201742155118709,0,0,0,0,0,0,0.13163124444938,0,0,0.0203342532453663,0,0,0,0.00706569396308212,0.0478381998483106,0,0,0.031106153579317,0,0,0,0,0,0.00150257974012006,0,0,0.197161585420641,0,0,0,0.0620409936107384,0,0,0.00853105701250224,0,0,0.0443325000476497,0,0,0.00363765080530864,0.0261124171955269,0,0.0346359298000708,0,0,0,0.0487272282565557,0,0,0,0,0,0,0.019168423543161,0,0,0,0,0,0,0,0,0,0,0,0,0,0,0,0,0,0,0,0,0,0,0.0796761586204084,0,0.00772108851154114,0,0,0,0.00363211621599662,0,0.0215423586386047,0,0
"H023",0,0,0,0.0193962792772183,0,0.073268423025836,0.184447805598125,0,0,0,0,0,0.824732677261529,0.0168014954991929,0,0.0202070504233235,0,0.00792169320416112,0,0,0,0,0,0,0,0,0,0.0359044570868884,0,0,0,0,0,0,0,0,0,0,0,0,0,0,0,0.0917696564981518,0,0.0519320176676762,0.0573500394130202,0,0,0.00982798041267498,0.103760192307166,0,0,0,0,0,0,0,0.066324097862971,0.0855013274494665,0,0,0,0,0,0.030086335469148,0,0,0,0,0,0,0,0,0,0,0,0,0,0.0433833849551422,0,0,0,0,0,0,0,0,0,0,0,0,0,0,0,0,0,0,0,0.244629821937564,0,0,0,0,0,0,0,0,0,0,0
"H027",0.00390826531339807,0.011847717550066,0,0,0,0,0,0,0,0,0,0,0.0168014954991929,1.06719017497801,0,0,0,0,0,0,0,0,0,0,0,0,0,0,0.0388464444525911,0,0,0,0,0,0,0,0,0,0,0,0,0,0,0.0188212297280227,0.0104723248954587,0.227129895136969,0,0.00945968564448734,0,0,0.00347060653196014,0.0394843995051256,0.0458342238067862,0,0,0.203132760020682,0,0,0,0.0258853615439077,0,0,0,0,0,0,0.00949783075498876,0,0,0,0,0,0,0,0,0,0,0,0,0.0171670535595971,0,0,0,0,0,0.0127537603067662,0,0,0,0,0,0.0013533876906309,0,0,0,0,0.0324749043051349,0,0,0,0,0,0,0.0392793157557749,0,0,0,0.024962861527563,0,0,0
"H028",0,0,0,0,0,0.00325141109219021,0.0178141239448814,0,0,0,0.0319132058505897,0.0167335479729455,0,0,0.998159860707977,0,0,0,0.00378906207623363,0.130459603283003,0,0,0,0,0,0.0641962977940957,0,0,0,0,0,0,0,0,0,0,0.00655229621140624,0,0,0,0,0.0329544412828515,0,0.0628390013873542,0,0,0.155188992545058,0,0.00948962784399878,0,0,0,0,0.271746199372236,0.00842375280524107,0,0,0.0470535658015239,0,0.0617886327005757,0,0,0,0.00834706829878208,0,0,0,0,0,0,0,0,0,0,0,0,0,0,0,0,0,0,0,0,0,0,0,0,0,0,0,0,0,0,0,0,0,0,0,0,0,0,0,0,0,0,0,0,0.0282832013840089,0,0
"H029",0.0587363103916075,0.0226333104416651,0,0.08681019325007,0,0,0.0127855253549454,0.0180287574591906,0,0,0,0,0.0202070504233235,0,0,0.923433355357908,0,0.339246023742459,0,0,0,0.0101265294910303,0,0,0,0,0,0,0,0,0,0,0,0,0,0,0.022999933236221,0,0,0,0.0042381087244677,0,0,0.0102416682532902,0,0,0.00565340910407926,0.0154712385463847,0,0,0,0,0,0,0,0,0,0,0.0112530542038766,0.00975921781196266,0,0.0122393150039457,0,0,0,0,0,0,0,0.0291943198223812,0,0,0,0,0,0.0196128183069444,0.00768665964000828,0,0,0,0,0,0,0,0,0,0.0587369480985885,0,0.318758715875588,0,0,0,0,0,0,0,0,0,0,0,0,0,0.00586309063469328,0,0,0,0,0,0,0,0
"H030",0,0,0,0,0.00273200938769499,0,0,0,0.0142198681671865,0,0,0,0,0,0,0,1.21082744382905,0,0,0,0,0,0,0,0,0.017660026019829,0,0,0,0.0112583322493278,0,0.0833316845455318,0,0,0,0,0,0,0,0,0,0,0.106435884656445,0,0,0,0.106346360435943,0,0,0,0,0,0,0,0,0.0111312858395479,0,0,0,0,0.00821901595519915,0.00840461482886636,0,0,0,0,0,0,0.00624453700916105,0,0.00626252766246206,0,0,0.0273834076942933,0,0,0,0.100587200160003,0,0,0,0,0,0.0907412225537479,0,0,0,0,0,0,0,0,0,0.0407035817462885,0,0,0.00694047252667271,0,0,0,0,0,0,0,0,0.00955429113744974,0,0,0,0,0
"H031",0,0.0324204292306145,0,0.0396403212219373,0,0,0,0.0195792073943507,0,0.00886236866095441,0,0,0.00792169320416112,0,0,0.339246023742459,0,0.93954345735387,0,0.0109831224463832,0,0,0,0,0,0,0,0,0,0,0,0,0,0,0,0.0359763781175282,0.0790653404865721,0,0.0202148918275054,0.0321169524880556,0.191239560852172,0,0,0.0101172800096374,0,0,0,0.0091321931537033,0,0,0,0,0,0,0,0,0,0.0859306844157595,0.014701536190525,0.00596524756310183,0,0.0554293964628469,0,0,0,0,0.0549236716301944,0,0.0156929864873357,0,0,0,0,0,0.0413124389805063,0.0133402985226984,0,0.0128160447436672,0,0,0,0,0,0,0.0121836376630793,0,0,0,0,0.0233331592072612,0,0,0,0,0,0,0,0,0,0,0,0,0.0111944209801696,0,0,0,0,0,0,0,0
"H033",0,0,0,0,0,0,0,0,0,0,0.0139635924122644,0.12206931572008,0,0,0.00378906207623363,0,0,0,0.983089214624424,0,0.112636371698779,0,0.0482129462027273,0.150239187553055,0.00860871505184046,0,0,0,0,0,0.0175950622352884,0,0,0,0,0,0.0414537694025191,0,0,0,0,0.0326400097962478,0,0,0.0106060573254499,0,0,0,0,0,0,0,0,0.0609562960834857,0,0,0,0.0434611087208339,0,0,0.0121949492453796,0.0584847879948068,0,0,0.0861336529653063,0,0,0,0.0486346679969311,0,0,0,0.00861065394146709,0,0,0,0.010178467546053,0.023076598529204,0.00262912209872498,0,0.00569490224293931,0,0,0,0.0493839587777417,0,0.00489800595043237,0,0,0,0.10979170883918,0,0,0,0,0,0,0,0,0,0,0,0.025141563906195,0,0,0,0,0,0,0,0
"H035",0,0.0236272850487233,0,0,0,0,0.062829501256314,0.0515151926483277,0,0,0,0,0,0,0.130459603283003,0,0,0.0109831224463832,0,1.15008099319924,0.00889778209616259,0,0,0,0.0174574591839692,0.0281967324869527,0,0,0,0,0,0,0,0,0,0,0.0124390164965102,0,0.00979846299808757,0.0154897537284585,0,0,0,0.0960829704031933,0,0,0,0,0.0774902033707196,0,0,0,0,0.0347147592432507,0,0,0,0.0337668075935289,0,0.07613920934808,0,0,0,0,0,0,0,0,0,0,0,0,0,0,0.00913531623930832,0,0,0,0,0,0,0,0,0,0.0198173819016237,0,0,0,0,0,0,0,0,0,0,0,0,0,0,0,0,0,0,0,0,0,0,0,0,0.00358525041143698,0
"H036",0,0,0,0,0,0,0,0,0,0,0.0391902444208715,0,0,0,0,0,0,0,0.112636371698779,0.00889778209616259,0.80531773869182,0,0,0.00939563521462879,0,0.0294876093710335,0,0,0,0,0,0,0,0,0,0,0,0.00530842987304593,0.280540194934905,0,0,0,0.00725978120410774,0,0.0920117837963152,0,0,0,0,0,0,0,0,0,0,0,0,0.257492174756152,0,0,0.00869702418450336,0,0.0606507976547933,0.196000583592787,0.0353538950086683,0,0,0,0,0,0,0,0,0,0,0,0,0,0,0,0,0.00405992250565798,0,0,0.00304640427120868,0,0,0,0,0.0229839303220006,0.0623301882414088,0,0,0,0,0,0,0.0101110314068118,0,0.0169191455902095,0,0,0,0,0,0,0,0,0,0,0
"H037",0,0,0.0248262470799292,0,0,0,0,0.0430602040128167,0,0,0,0,0,0,0,0.0101265294910303,0,0,0,0,0,1.38413795186281,0,0,0,0,0,0,0,0,0,0,0.0101743876483349,0.0287304026948933,0.0145185663345956,0.0195859989464423,0,0,0,0,0,0,0,0,0,0,0,0,0,0,0,0,0,0,0,0,0,0,0,0,0,0.00728235414094392,0,0,0.0115287760606085,0.00964202202113864,0,0,0,0,0,0,0,0,0.036092452859082,0.0295114600511169,0,0.0596233148108914,0,0,0,0,0.0110502134930735,0,0,0,0,0,0.0259986341715512,0,0.00864313669421126,0.0694856862754118,0,0,0,0,0,0,0,0.0327877282206647,0,0,0,0,0,0,0,0,0,0,0
"H038",0,0,0.0122851722104675,0,0,0,0,0.157498217054068,0,0,0.00404070705643834,0.0493196480205841,0,0,0,0,0,0,0.0482129462027273,0,0,0,0.747550554553681,0.0110621390702982,0,0,0,0,0,0,0.0853960878296138,0,0,0.238994326583077,0,0,0.0251717591018186,0,0,0,0,0.0771207414339838,0.0514763873000591,0,0,0,0,0,0,0,0.0259440159411306,0,0,0.0971776772080655,0,0,0.027741398960745,0,0,0,0.00826061461825897,0,0.0184169329391931,0.141534430514807,0,0,0,0,0,0,0.0136113830624644,0,0.100509803178145,0,0,0,0,0,0.0193549137258251,0,0.0215287291759573,0,0,0,0,0,0,0,0,0,0.0222430214821573,0,0,0,0,0.0278250343354096,0,0,0.0487567153840986,0,0.158307254007899,0,0,0,0,0,0,0,0.0222392880518341,0,0
"H039",0,0,0,0,0,0,0,0,0,0,0.0101341435908453,0.201742155118709,0,0,0,0,0,0,0.150239187553055,0,0.00939563521462879,0,0.0110621390702982,0.97588530551454,0.0997370867047341,0,0,0,0,0,0,0,0,0,0,0.00237112010447725,0,0,0,0,0,0.00786694925719094,0,0,0,0,0,0,0,0,0,0,0,0,0.0245879279000651,0,0,0,0,0,0,0.009583074334661,0,0,0,0,0.00794805426834015,0,0,0,0.0433157008283774,0,0,0,0,0,0.0483143617251579,0.0453858031004075,0.103333284293032,0,0,0,0.00934479499080411,0,0.0488277270656914,0,0,0,0,0,0.0443602397196566,0,0,0,0,0,0,0,0,0,0,0,0.0211794904792186,0,0,0,0,0,0,0,0.00869279681669768
"H040",0,0,0.00329574437775175,0,0.00912316496657529,0,0,0,0,0,0,0,0,0,0,0,0,0,0.00860871505184046,0.0174574591839692,0,0,0,0.0997370867047341,1.06725858009687,0,0,0.0108325380383035,0.025126804842828,0,0,0,0.0045433417629569,0.0720908677250534,0.0370414256575316,0.00455411204521728,0,0,0,0,0,0,0,0.0149597908923087,0,0,0,0,0.106193536032109,0,0,0,0,0,0,0,0.0456888307217694,0,0,0,0,0.0255824127808375,0,0,0,0.0187746514051396,0,0,0,0,0,0,0,0,0,0,0.00839349375975075,0,0.179779320065915,0,0,0,0.0707513295472197,0,0.0762627575620335,0,0,0,0.016464761090699,0,0.0977431006889132,0,0,0,0,0,0,0,0,0,0,0,0.0400026184173701,0,0,0,0,0,0,0.00426786970613731,0
"H041",0.00413666612875825,0,0,0,0.00735383763536972,0,0,0,0.0108335797211392,0,0.085918782865108,0,0,0,0.0641962977940957,0,0.017660026019829,0,0,0.0281967324869527,0.0294876093710335,0,0,0,0,1.09591293558693,0,0,0.00170226414082019,0,0,0.0524220487824421,0,0,0,0,0,0,0.0217252516535368,0,0,0.0107424527832966,0,0,0,0,0,0,0,0,0,0,0,0,0,0,0,0.0127123475181529,0,0,0.257156571418882,0,0,0.0426433658094321,0,0,0,0.0474376848549278,0.0345072605681444,0,0,0,0,0,0,0,0,0,0,0,0,0,0,0,0,0,0,0,0,0,0,0,0,0,0,0,0,0,0,0,0,0,0,0,0.0219664676201415,0,0,0,0.0584168806940639,0,0
"H042",0,0.0051113777898966,0,0.0152354685415239,0,0,0.00949561624378443,0,0.0147234126395905,0,0,0,0,0,0,0,0,0,0,0,0,0,0,0,0,0,0.744437179884015,0.242030676027891,0,0.0643207429361753,0,0.0148126594690344,0,0,0,0,0,0,0,0,0,0,0,0,0,0,0,0,0,0.21388304079664,0,0.00908443494799628,0.209483374167224,0,0,0.00391187792835272,0,0,0,0.011393832931549,0,0,0,0,0,0,0,0,0,0,0,0,0,0.0347323788817806,0,0,0,0,0,0.148829345844503,0,0.0120343674223631,0.00661295177422314,0.0704855473465278,0,0,0,0,0,0,0,0,0,0,0,0,0.00601159976882077,0.0142240791682755,0,0,0.00685624618635579,0,0,0,0,0.0204590773508511,0,0.000636272964719674,0,0,0
"H043",0,0.0545781453824644,0,0.0115386522213,0,0.00277386744081189,0,0,0,0,0,0,0.0359044570868884,0,0,0,0,0,0,0,0,0,0,0,0.0108325380383035,0,0.242030676027891,0.765726408501024,0,0,0,0,0,0.0246332985249975,0,0,0,0,0,0,0,0,0,0.0083834148626806,0,0.0759565895121654,0,0,0,0.260993763649278,0.00400481784426096,0,0,0,0,0,0,0,0,0,0,0.00735962285131663,0,0,0,0.180830318156006,0,0,0,0,0,0,0,0,0,0,0.00411619287306424,0,0,0.182790244822947,0,0.0396772593406648,0,0.0732176650015978,0,0,0,0,0,0,0,0,0.104386705832355,0,0,0,0,0.0453264422964803,0,0.00450570882458498,0,0,0,0,0,0.00362552990234404,0,0,0,0,0
"H044",0.128948887886977,0,0,0,0.00192261494809244,0,0,0,0,0,0,0,0,0.0388464444525911,0,0,0,0,0,0,0,0,0,0,0.025126804842828,0.00170226414082019,0,0,0.88109960580746,0,0,0,0.0604570334637581,0.0254965900513645,0.0119217144606053,0,0,0,0,0,0.0348868865299314,0,0,0,0,0,0,0.204232156394927,0.0545957832819312,0,0,0,0,0,0.00229457777315499,0,0,0,0.0519444992481544,0,0,0,0,0,0,0,0.145653835788861,0,0,0,0,0,0,0,0,0,0,0,0,0,0,0,0,0,0,0,0.107623447001634,0,0,0,0,0.199694257641773,0,0,0,0,0,0,0,0,0,0,0,0,0,0,0,0,0,0,0.0190987734051517
"H045",0,0,0,0.0266077088622964,0.0137686669361663,0,0,0,0.2228930086359,0,0,0,0,0,0,0,0.0112583322493278,0,0,0,0,0,0,0,0,0,0.0643207429361753,0,0,0.749534517077832,0.00776647782408649,0.193445302018475,0,0,0,0,0,0,0,0,0,0.0577695721476526,0,0,0.0248781238392583,0.0458083945504283,0.0473832733531116,0,0,0,0,0,0.0816942109403405,0,0,0,0,0,0,0.00601613248135949,0,0,0,0,0,0,0,0.0263436901724981,0,0.00994503883839854,0,0.00649560176658937,0,0.0218719464799829,0,0,0,0,0,0,0,0,0.0512805779790514,0.00497572586960938,0,0,0,0.15478526296563,0,0,0,0,0,0.0050858207987603,0,0,0.069040266249117,0,0.0342345982014017,0,0.0488835021325141,0.0402933566815441,0,0,0.0112961363435237,0.173690094749898,0.0139599462260657,0,0,0,0
"H046",0,0,0.00981751042154432,0,0.0372193780574792,0,0,0,0.00455649100762029,0,0,0.13163124444938,0,0,0,0,0,0,0.0175950622352884,0,0,0,0.0853960878296138,0,0,0,0,0,0,0.00776647782408649,0.813144191048575,0,0,0,0,0,0.130377189302893,0.0108111916257183,0.00712691241716795,0,0,0.0383033021280116,0.0836673678414374,0,0,0.066496931100443,0,0,0,0,0.0522765855071274,0,0,0.0766373201250722,0.017011478511447,0,0.122933779966113,0,0,0,0,0,0,0,0,0,0,0,0,0.00736892656778055,0.0175504137602727,0.0564223683305703,0.113186138168106,0,0,0,0,0,0.0106357196752125,0,0.0151398669171723,0,0,0,0,0,0,0.0308459480904365,0,0,0.0287850869688594,0,0,0,0,0.0595667236894538,0,0,0,0,0.00433822900206827,0.0838904549812012,0.0114995558576506,0.0156502525401916,0,0,0.0701070376763998,0,0,0,0
"H047",0,0,0,0.0435213538636618,0,0,0,0,0.193827339231218,0,0,0,0,0,0,0,0.0833316845455318,0,0,0,0,0,0,0,0,0.0524220487824421,0.0148126594690344,0,0,0.193445302018475,0,0.816634313087374,0,0,0,0,0,0.0126127494069065,0.00812507607115913,0,0,0,0.0283556793171292,0,0.025400781073188,0,0.0370397350879092,0,0,0,0,0,0.037634957789395,0,0,0,0,0,0,0,0.0330463845435166,0,0,0,0,0,0,0.020251953829401,0.0242236106242962,0.0272236624756478,0.0032129331490928,0,0,0,0,0,0,0.121059679511849,0,0,0,0,0.0573400947653092,0.00442792393780982,0,0,0,0,0,0,0,0,0,0,0,0,0.0562498847642431,0,0,0,0.09766796903965,0,0,0,0,0.226531764147789,0,0,0,0,0
"H048",0.0115994258916393,0,0,0,0,0.0204139811635047,0,0,0,0.0311974242460067,0,0,0,0,0,0,0,0,0,0,0,0.0101743876483349,0,0,0.0045433417629569,0,0,0,0.0604570334637581,0,0,0,0.930131218922209,0,0,0.129816340074287,0,0,0,0,0.0636239715652732,0,0,0,0,0,0,0.0694320854831944,0,0,0,0,0,0,0,0,0,0,0.0494574090026215,0,0,0,0,0,0,0,0.0206924014114592,0,0,0,0,0,0,0,0,0.043084883314896,0,0,0.00395530263117279,0,0,0,0,0.00415522894324964,0,0,0.0647734494722728,0,0,0,0,0.0505219823297811,0,0,0,0,0,0,0.0115841748973863,0,0,0,0,0,0,0,0,0,0,0.409116600894965,0
"H049",0,0,0,0,0,0,0,0.0970877990717994,0,0,0.00674665324675475,0.0203342532453663,0,0,0,0,0,0,0,0,0,0.0287304026948933,0.238994326583077,0,0.0720908677250534,0,0,0.0246332985249975,0.0254965900513645,0,0,0,0,0.969661597357605,0,0,0,0,0,0.00422753538773971,0,0.0244241054202027,0,0.0622263053583931,0,0,0,0.00155816066112077,0,0.00571147412000746,0,0,0,0,0,0,0,0,0,0,0,0,0,0.146326940695153,0,0.0315770367348861,0.00174471513897015,0,0,0,0,0,0,0,0,0,0,0,0,0,0.0343657677756714,0,0,0,0,0,0,0,0,0,0,0.01081010121642,0.00586695379886341,0,0,0,0,0,0.0252975371536159,0,0.118352133497367,0,0,0,0,0,0,0,0.0255678575873227,0,0
"H051",0,0,0.216617598007958,0,0,0.0238376493188204,0,0.010224409304679,0,0.0101351758816775,0,0,0,0,0,0,0,0,0,0,0,0.0145185663345956,0,0,0.0370414256575316,0,0,0,0.0119217144606053,0,0,0,0,0,1.0457466230094,0,0,0,0,0,0,0,0,0,0,0,0,0,0.0346371169356144,0,0,0.0124968122198912,0,0,0,0,0.177803231974488,0,0,0,0,0,0.00865151881306327,0,0.0125894364242162,0.0102326317413414,0,0,0,0,0,0,0,0,0,0,0,0,0,0.00766098213925563,0,0,0.0448257140560589,0,0,0,0,0,0.20741591475169,0,0.00558087545807912,0,0,0,0,0,0,0,0,0,0,0,0.00413009031942279,0,0,0.0135797381149024,0,0,0,0,0
"H053",0,0,0,0,0,0,0,0,0,0.155565661182359,0,0,0,0,0,0,0,0.0359763781175282,0,0,0,0.0195859989464423,0,0.00237112010447725,0.00455411204521728,0,0,0,0,0,0,0,0.129816340074287,0,0,0.961268625572912,0,0.0818103074201915,0,0.0582349026854507,0.0670671443501999,0,0,0,0,0,0,0,0,0,0,0,0,0,0.0322044184335675,0,0,0.0446464895757462,0,0,0,0,0,0,0,0,0.0456029887244673,0,0.0413401779524009,0,0.0360871293195806,0,0,0,0,0,0,0,0.00468490793451651,0,0,0,0,0,0,0,0.141091290825588,0,0,0,0.00244304609349938,0.0498487022170224,0,0,0,0,0,0,0.0221079482206991,0,0,0,0,0,0,0,0,0,0,0.128149748595699,0
"H054",0,0.0355004622257489,0.0835793135548366,0,0,0,0.0107128713810713,0,0,0,0,0,0,0,0.00655229621140624,0.022999933236221,0,0.0790653404865721,0.0414537694025191,0.0124390164965102,0,0,0.0251717591018186,0,0,0,0,0,0,0,0.130377189302893,0,0,0,0,0,0.906438067175879,0.00958431836215472,0,0,0,0,0.0180114824890007,0.0360505741856651,0,0,0,0,0,0,0,0,0,0.0444793710360574,0.0225842180348877,0,0.0978800255563831,0,0,0,0,0.0681444468136546,0,0,0,0,0,0,0,0,0,0,0.0326352763102844,0,0,0,0,0,0,0,0,0,0,0,0.0604447280608455,0,0,0,0,0,0,0,0,0,0,0.190205508813492,0,0,0,0,0,0,0.0331022322932797,0,0,0,0,0,0,0,0
"H055",0,0,0,0,0.0117233043827756,0,0,0,0,0.0247888221556219,0,0.00706569396308212,0,0,0,0,0,0,0,0,0.00530842987304593,0,0,0,0,0,0,0,0,0,0.0108111916257183,0.0126127494069065,0,0,0,0.0818103074201915,0.00958431836215472,0.843763969555791,0.232460437975634,0.149833595426134,0,0,0.00766083964357282,0,0,0,0,0,0,0,0.0233237576358002,0,0,0,0.177075535246682,0,0.022366273206174,0.127829261693356,0,0,0.0341190132543176,0,0,0,0,0,0,0,0.0735866241971107,0,0.183348085406893,0,0,0,0,0,0,0.0219092831458509,0,0,0,0,0,0,0,0,0,0,0,0,0,0,0,0,0,0,0,0,0,0,0,0,0,0,0,0,0.00389255252728961,0,0,0,0
"H056",0,0,0,0,0.017001082094285,0,0,0,0.00236653065621246,0,0.0240404153772758,0.0478381998483106,0,0,0,0,0,0.0202148918275054,0,0.00979846299808757,0.280540194934905,0,0,0,0,0.0217252516535368,0,0,0,0,0.00712691241716795,0.00812507607115913,0,0,0,0,0,0.232460437975634,0.71947309248652,0,0,0,0.00624751812912207,0,0,0,0,0,0,0,0.0898583357016945,0,0,0,0.251684079917579,0,0,0,0,0,0.0404544735203124,0,0,0.140367226027882,0.0243969240006619,0,0,0,0,0,0.096352790483617,0,0,0,0,0,0,0.0120915671227295,0,0,0,0,0,0,0,0,0,0,0,0.0205711505316339,0.0305129813845899,0,0,0,0,0,0,0,0,0,0,0,0,0,0,0,0.0115154243322517,0,0,0,0
"H057",0.0101103675155405,0,0,0,0,0,0,0.0156104848174956,0,0.0262358688183167,0.193217350395155,0,0,0,0,0,0,0.0321169524880556,0,0.0154897537284585,0,0,0,0,0,0,0,0,0,0,0,0,0,0.00422753538773971,0,0.0582349026854507,0,0.149833595426134,0,0.87602497197596,0,0,0,0,0,0,0,0.00109541311175381,0.265890812290153,0,0,0,0,0,0.028817200210916,0,0.0164934062882402,0.02478969878889,0,0,0,0,0,0,0,0,0,0,0.0789832326422209,0,0.0133765957878064,0,0.00687119426396579,0,0.00993503387603986,0.00724512753770819,0,0,0,0,0,0,0,0,0,0,0,0,0,0.0741925944716296,0,0.00167174145261769,0,0,0,0.02046869595308,0,0,0,0,0,0,0,0.0382553935150831,0,0,0,0,0.113386920314693,0,0.0223069331786235
"H058",0.0218271316026994,0,0,0,0,0.04950352169943,0,0,0,0.228337482014592,0,0,0,0,0,0.0042381087244677,0,0.191239560852172,0,0,0,0,0,0,0,0,0,0,0.0348868865299314,0,0,0,0.0636239715652732,0,0,0.0670671443501999,0,0,0,0,0.801134629072896,0,0,0,0,0,0,0.0375127172293644,0.0149001866029447,0,0,0,0,0,0,0,0,0.0296968395518298,0.0198381344889654,0,0,0.00489625574305503,0,0,0,0,0.150717291976524,0,0,0,0,0,0,0,0.0169845390524247,0.0623765109466953,0,0,0,0,0,0,0,0,0,0,0.290896787464225,0,0,0,0,0.0202374736747675,0,0,0,0,0,0,0.0149347703283392,0,0,0,0,0,0,0,0,0,0,0.0572973945548008,0
"H059",0,0,0,0,0,0,0,0.0480222071328895,0,0,0.032660731958172,0.031106153579317,0,0,0.0329544412828515,0,0,0,0.0326400097962478,0,0,0,0.0771207414339838,0.00786694925719094,0,0.0107424527832966,0,0,0,0.0577695721476526,0.0383033021280116,0,0,0.0244241054202027,0,0,0,0,0,0,0,1.10387322067349,0,0,0,0.0276801371861359,0,0,0,0,0,0,0,0,0,0,0,0,0,0,0.0662093195325977,0,0,0.0359066403412676,0,0,0.00266333014573404,0.00677487556562452,0,0,0.0443275870011191,0.00512635043983163,0,0,0,0,0,0,0,0,0,0,0,0,0,0,0,0.0106034400297392,0,0,0,0,0,0,0,0,0,0,0.208201621622106,0,0.0554297107325177,0.00882299824176535,0.0218907630849134,0,0,0,0,0,0,0,0
"H060",0,0,0.00801979766730821,0,0,0,0,0,0,0,0,0,0,0,0,0,0.106435884656445,0,0,0,0.00725978120410774,0,0.0514763873000591,0,0,0,0,0,0,0,0.0836673678414374,0.0283556793171292,0,0,0,0,0.0180114824890007,0.00766083964357282,0.00624751812912207,0,0,0,0.92000383426334,0,0,0,0,0,0,0,0,0,0.00709978195580671,0.135478542446516,0,0.110673817211593,0.105420085146589,0,0,0,0,0,0,0,0,0,0,0,0,0,0,0,0.110161058944054,0,0,0,0,0.0672113750775466,0,0,0.0339619577180598,0,0,0,0,0,0,0,0,0,0.0693617730298506,0,0,0.00608783687605104,0.0337622195672704,0.0413726433993307,0,0,0,0,0,0,0,0,0,0,0,0.0144519922606283,0,0,0
"H063",0,0,0,0,0,0,0.105839182237762,0.0210548679693729,0,0,0,0,0.0917696564981518,0.0188212297280227,0.0628390013873542,0.0102416682532902,0,0.0101172800096374,0,0.0960829704031933,0,0,0,0,0.0149597908923087,0,0,0.0083834148626806,0,0,0,0,0,0.0622263053583931,0,0,0.0360505741856651,0,0,0,0,0,0,1.1716769170315,0,0.0282562142249723,0.0480874318320286,0,0,0,0,0,0,0.0756095838115925,0,0.00694572111020784,0,0,0.0889585638709036,0.0757763798624864,0,0,0,0,0,0,0,0,0,0,0,0,0,0,0.00695376178942376,0,0,0,0,0,0,0,0,0,0,0,0,0,0,0,0,0,0,0,0,0,0,0,0,0,0,0,0,0,0,0,0,0,0,0,0
"H065",0,0.0192114248358336,0,0,0,0,0,0,0.0442287199045896,0,0,0,0,0.0104723248954587,0,0,0,0,0.0106060573254499,0,0.0920117837963152,0,0,0,0,0,0,0,0,0.0248781238392583,0,0.025400781073188,0,0,0,0,0,0,0,0,0,0,0,0,1.03446978269451,0.0113280070896549,0.0274032151934327,0,0,0,0,0,0.0217847984344715,0,0,0.0124910236341439,0,0.203218498418303,0,0.0463592774375838,0,0.0130127906438326,0.0523765132416928,0,0.00508254864272041,0,0,0,0,0,0,0,0,0,0,0,0.0107723874650991,0,0,0,0,0.0565429686979007,0.0692161458089442,0,0,0.00638193902955077,0,0.0101368502135224,0,0,0,0,0,0,0.00194060865219462,0,0.0217348777354234,0.0157158854608333,0,0.0181939443695699,0.00696267573875873,0,0,0,0,0.0281405702945597,0,0,0,0,0
"H066",0,0.0230207603334339,0,0,0,0.0120664292110272,0,0,0,0,0,0,0.0519320176676762,0.227129895136969,0,0,0,0,0,0,0,0,0,0,0,0,0,0.0759565895121654,0,0.0458083945504283,0.066496931100443,0,0,0,0,0,0,0,0,0,0,0.0276801371861359,0,0.0282562142249723,0.0113280070896549,0.831688093878416,0,0,0,0,0.0244083235163528,0,0.014285381025116,0,0,0.0870090090066779,0,0,0,0.00798057106532348,0,0,0,0,0,0.0162225735134875,0,0,0,0.0395603936843661,0,0.0828016546762635,0,0,0,0,0.00350094402860182,0,0,0.0373432063054264,0,0,0,0,0,0,0,0.144728867499028,0,0,0,0,0.0190853579188235,0,0.0100759389279948,0,0,0,0,0.00719489644895413,0,0.236012061377674,0,0.0154563190950415,0.00926483606141052,0,0,0,0,0,0
"H069",0,0,0,0.00740438171186737,0.00324180698407116,0.00439841357411268,0.026994457347692,0,0.0572872616067685,0,0,0,0.0573500394130202,0,0.155188992545058,0.00565340910407926,0.106346360435943,0,0,0,0,0,0,0,0,0,0,0,0,0.0473832733531116,0,0.0370397350879092,0,0,0,0,0,0,0,0,0,0,0,0.0480874318320286,0.0274032151934327,0,1.0440043346662,0,0,0,0,0,0,0.0312620982803229,0,0,0,0,0.0187175584971688,0.0311618349602858,0,0,0,0,0,0,0,0,0,0,0,0,0,0.0481814464473572,0,0,0,0,0,0,0,0,0.0255330164678532,0,0,0,0,0,0,0,0,0,0,0.0143307796700313,0,0,0.0213342725143565,0,0,0,0.00707967365401165,0,0,0,0,0.0381107086930438,0,0,0,0,0
"H072",0.0405316696268141,0,0,0,0,0,0,0,0,0,0,0.00150257974012006,0,0.00945968564448734,0,0.0154712385463847,0,0.0091321931537033,0,0,0,0,0,0,0,0,0,0,0.204232156394927,0,0,0,0.0694320854831944,0.00155816066112077,0,0,0,0,0,0.00109541311175381,0.0375127172293644,0,0,0,0,0,0,0.847493821038597,0,0,0,0,0,0,0,0,0,0,0.0469037307795298,0,0,0,0,0,0,0,0.202893730295246,0,0,0,0,0,0,0,0,0.0657807929158257,0,0,0,0,0,0,0,0,0,0,0.0123225493288894,0,0,0,0,0.240160848863866,0,0,0,0,0,0,0.151919060883433,0,0,0,0,0,0,0,0,0,0,0,0.0629176852630564
"H073",0.0359552703368461,0,0,0,0,0,0,0.0142207524368237,0,0,0.111008884749501,0,0,0,0.00948962784399878,0,0,0,0,0.0774902033707196,0,0,0,0,0.106193536032109,0,0,0,0.0545957832819312,0,0,0,0,0,0.0346371169356144,0,0,0,0,0.265890812290153,0.0149001866029447,0,0,0,0,0,0,0,0.946106173509736,0,0,0,0,0,0,0,0,0,0,0,0,0,0,0.00435160184622599,0,0,0.0146508117810898,0,0,0,0,0,0.0196515664959129,0,0.0318943494189499,0.00867777384638355,0,0,0,0,0,0,0,0,0,0,0,0,0,0.0609133849465729,0,0,0,0,0,0.0114299579318049,0,0,0,0,0,0,0,0.0283778090205371,0,0,0,0,0.0933629856098135,0,0.00474482711273836
"H077",0,0.00381169853581989,0,0.00791437465335493,0,0.00394725417713731,0,0,0,0,0,0,0.00982798041267498,0,0,0,0,0,0,0,0,0,0,0,0,0,0.21388304079664,0.260993763649278,0,0,0,0,0,0.00571147412000746,0,0,0,0,0,0,0,0,0,0,0,0,0,0,0,0.600683907719629,0.0245102864892527,0,0,0,0,0,0,0,0,0,0,0,0,0,0,0.0248938911715533,0,0,0,0,0,0,0,0,0,0,0,0,0,0.259851677854457,0,0.293305560311005,0,0.0226643953338187,0,0,0,0,0,0,0,0,0.123504857087195,0.0742325204777273,0,0,0,0.154869267306865,0,0.014330744176953,0,0,0,0,0,0.0246106231905309,0,0,0,0,0
"H078",0,0,0,0,0,0.19319291915947,0,0.017945113369927,0,0,0,0.197161585420641,0.103760192307166,0.00347060653196014,0,0,0,0,0,0,0,0,0.0259440159411306,0,0,0,0,0.00400481784426096,0,0,0.0522765855071274,0,0,0,0,0,0,0.0233237576358002,0.0898583357016945,0,0,0,0,0,0,0.0244083235163528,0,0,0,0.0245102864892527,0.794320081925666,0,0,0,0.135810515135076,0.00814880036967982,0,0,0,0,0,0,0,0,0,0.00328897535288571,0,0,0,0,0.00645749106581131,0,0,0,0,0,0,0,0,0.0452236994153601,0,0.0120305229437459,0,0,0,0,0,0,0,0,0,0,0,0,0,0,0,0,0,0.255331040044684,0.0455563928832014,0,0,0,0,0,0,0,0.0211973968181835,0,0
"H079",0,0,0,0,0,0,0.0815950170266642,0,0,0,0,0,0,0.0394843995051256,0,0,0,0,0,0,0,0,0,0,0,0,0.00908443494799628,0,0,0,0,0,0,0,0.0124968122198912,0,0,0,0,0,0,0,0,0,0,0,0,0,0,0,0,1.10747178409863,0.20939333157758,0,0,0.0335447433123452,0,0,0,0.0168428461531925,0,0.004820311338203,0,0,0,0,0,0,0,0.0146291461380937,0,0,0.0237819547631797,0.0122944230973219,0,0,0,0,0,0,0,0,0,0,0,0.168178475777402,0,0.0511020026729998,0,0,0,0,0,0,0.0220536716681269,0,0.137421637903298,0,0,0,0,0,0,0,0,0,0,0.0922843073380613,0,0,0
"H080",0,0.00473147332233423,0,0.0108185842154351,0,0,0.0127770117339485,0,0.0679043527815681,0,0,0,0,0.0458342238067862,0,0,0,0,0,0,0,0,0,0,0,0,0.209483374167224,0,0,0.0816942109403405,0,0.037634957789395,0,0,0,0,0,0,0,0,0,0,0.00709978195580671,0,0.0217847984344715,0.014285381025116,0,0,0,0,0,0.20939333157758,0.813390307387942,0,0,0.0863183520218362,0,0,0,0.00407566286587701,0,0,0,0,0,0,0,0.0138803262371037,0,0,0,0.00393001105976753,0.00387435868065994,0.00742076214683579,0,0,0,0,0,0,0,0,0.048657447092277,0.00457499221813525,0,0.0426498522821792,0,0.00797792555318924,0,0,0,0,0.00603035985288103,0,0.083065332781798,0,0.169057253238979,0,0,0,0.0168240399139916,0,0,0,0,0.0387752321706994,0,0.0959131294449812,0,0,0
"H081",0,0,0.0142185609600181,0,0,0,0.018731367490926,0,0,0,0,0,0,0,0.271746199372236,0,0,0,0.0609562960834857,0.0347147592432507,0,0,0.0971776772080655,0,0,0,0,0,0,0,0.0766373201250722,0,0,0,0,0,0.0444793710360574,0,0,0,0,0,0.135478542446516,0.0756095838115925,0,0,0.0312620982803229,0,0,0,0,0,0,0.819284177526015,0,0,0.0725104848702605,0,0,0.0362725471507671,0,0,0.00945917617506576,0,0,0,0,0,0.0252502162360557,0,0,0,0.221259772767297,0,0,0,0,0,0.0141839942900147,0,0.0924732735504841,0,0,0,0.00569588080925876,0,0,0,0,0,0.0426209945448479,0,0,0,0,0.0339782490858907,0,0,0,0.0116012794183897,0,0,0,0,0,0,0,0,0,0,0
"H082",0,0,0.00514885850851371,0,0.0157112656938112,0,0,0,0.0024229129030703,0.0485374773243362,0,0.0620409936107384,0,0,0.00842375280524107,0,0,0,0,0,0,0,0,0.0245879279000651,0,0,0,0,0.00229457777315499,0,0.017011478511447,0,0,0,0,0.0322044184335675,0.0225842180348877,0.177075535246682,0.251684079917579,0.028817200210916,0,0,0,0,0,0,0,0,0,0,0.135810515135076,0,0,0,0.872824955665176,0.00731872274651062,0,0,0.0111079704054609,0,0.00979893825640604,0,0,0,0,0,0.033359941294545,0,0,0,0.277319073108368,0,0,0,0,0,0,0.0191999830781711,0,0,0,0,0,0,0,0,0,0,0,0,0,0,0,0,0,0,0,0,0.0159214039026586,0,0,0,0,0,0,0,0.00950057126832961,0,0.00323284431840743,0,0.00637286318206682
"H084",0,0,0,0,0,0,0,0,0,0,0,0,0,0.203132760020682,0,0,0.0111312858395479,0,0,0,0,0,0,0,0,0,0.00391187792835272,0,0,0,0,0,0,0,0,0,0,0,0,0,0,0,0.110673817211593,0.00694572111020784,0.0124910236341439,0.0870090090066779,0,0,0,0,0.00814880036967982,0.0335447433123452,0.0863183520218362,0,0.00731872274651062,0.921374893078981,0,0,0,0.227020343948998,0,0,0,0,0,0,0,0,0,0,0,0,0.00518622815169571,0.00377133690925809,0,0,0.00211094592869037,0,0,0.0135155511343456,0,0,0,0,0,0,0,0,0,0,0,0,0.00798711630298501,0,0,0,0.0107352702992464,0,0,0,0,0,0,0.0353198782546956,0,0,0,0.271072839413469,0,0,0
"H088",0,0,0.145738326794127,0,0,0,0,0,0,0.0052400535906969,0,0,0,0,0,0,0,0,0,0,0,0,0.027741398960745,0,0.0456888307217694,0,0,0,0,0,0.122933779966113,0,0,0,0.177803231974488,0,0.0978800255563831,0.022366273206174,0,0.0164934062882402,0,0,0.105420085146589,0,0,0,0,0,0,0,0,0,0,0.0725104848702605,0,0,0.719376272914504,0,0,0,0,0,0.0132406751560545,0,0.00567626306848479,0,0,0,0,0,0,0,0.0825673071130185,0,0,0,0,0,0.0335724641308149,0,0.0106897937190515,0,0.130173408801958,0,0,0,0,0,0.131011935102738,0,0.0357272038150329,0,0,0,0,0.0219735098461223,0,0,0,0,0,0,0.00432308654956459,0,0,0.0186442047690338,0,0,0,0,0
"H089",0,0,0,0,0,0,0,0,0,0.0116119704704959,0.0273903895242721,0.00853105701250224,0,0,0.0470535658015239,0,0,0.0859306844157595,0.0434611087208339,0.0337668075935289,0.257492174756152,0,0,0,0,0.0127123475181529,0,0,0,0,0,0,0,0,0,0.0446464895757462,0,0.127829261693356,0,0.02478969878889,0.0296968395518298,0,0,0,0.203218498418303,0,0,0,0,0,0,0,0,0,0,0,0,0.93322173864722,0,0.00543960377221313,0,0.00335146266232489,0.0809224331663682,0,0,0,0.0436236156940411,0,0.020369816007105,0,0,0,0,0,0,0,0,0,0,0,0,0.0193263999096229,0,0,0.00464695298392721,0,0,0,0,0,0,0,0,0,0,0,0,0,0,0.0135986010232948,0,0,0,0,0,0,0,0,0,0,0
"H090",0,0,0,0,0,0.0502297231023965,0.0292407206965516,0,0,0,0,0,0.066324097862971,0,0,0.0112530542038766,0,0.014701536190525,0,0,0,0,0,0,0,0,0,0,0.0519444992481544,0,0,0,0.0494574090026215,0,0,0,0,0,0,0,0.0198381344889654,0,0,0.0889585638709036,0,0,0.0187175584971688,0.0469037307795298,0,0,0,0,0,0,0.0111079704054609,0,0,0,1.19291578642062,0.0107906605045958,0,0,0,0,0,0,0,0,0,0,0,0,0,0,0,0,0,0,0,0,0,0,0,0,0,0,0.0736564438849692,0,0,0,0,0,0,0,0,0,0,0,0.0460296528948327,0,0,0,0,0,0,0,0,0,0,0.0527239928072645,0
"H093",0,0,0,0.00909869202634298,0,0.0718178736748448,0.216110071163178,0,0,0,0,0,0.0855013274494665,0.0258853615439077,0.0617886327005757,0.00975921781196266,0,0.00596524756310183,0,0.07613920934808,0,0,0,0,0,0,0.011393832931549,0,0,0.00601613248135949,0,0,0,0,0,0,0,0,0,0,0,0,0,0.0757763798624864,0.0463592774375838,0.00798057106532348,0.0311618349602858,0,0,0,0,0.0168428461531925,0.00407566286587701,0.0362725471507671,0,0.227020343948998,0,0.00543960377221313,0.0107906605045958,1.03962740974908,0,0,0,0,0,0,0,0,0,0,0,0,0,0.0174143215806798,0,0,0,0,0,0,0,0,0,0,0,0,0,0,0,0,0,0,0,0,0,0,0,0,0,0,0,0,0,0.00641801993606461,0,0,0,0,0,0,0
"H094",0,0,0,0,0,0,0,0,0,0,0.00897839557952856,0.0443325000476497,0,0,0,0,0.00821901595519915,0,0.0121949492453796,0,0.00869702418450336,0,0.00826061461825897,0,0,0.257156571418882,0,0,0,0,0,0.0330463845435166,0,0,0,0,0,0.0341190132543176,0.0404544735203124,0,0,0.0662093195325977,0,0,0,0,0,0,0,0,0,0,0,0,0.00979893825640604,0,0,0,0,0,1.15857954853169,0,0,0.0187951025877315,0.086175932691679,0,0,0.00625002361560239,0.0172608712198199,0,0.0177332135783938,0,0,0,0,0,0,0.0190449237723037,0,0,0.00983076346061015,0,0,0,0,0,0,0,0,0,0,0,0,0,0,0,0,0,0,0,0,0,0,0,0,0,0,0,0,0,0
"H095",0,0.0498389151505362,0,0,0.0159850391857361,0,0,0,0,0,0,0,0,0,0,0.0122393150039457,0.00840461482886636,0.0554293964628469,0.0584847879948068,0,0,0.00728235414094392,0,0.009583074334661,0.0255824127808375,0,0,0.00735962285131663,0,0,0,0,0,0,0,0,0.0681444468136546,0,0,0,0.00489625574305503,0,0,0,0.0130127906438326,0,0,0,0,0,0,0.004820311338203,0,0,0,0,0,0.00335146266232489,0,0,0,0.996326232381358,0,0,0.0203067814755209,0.0540128494749553,0,0,0,0.0165229853579763,0,0.018831725864892,0,0,0,0,0.275322836004842,0,0,0,0,0,0,0.00603054694615826,0.116759409634,0.0411175509656981,0.0109724868442018,0,0.0237176144594421,0,0.0581579223478396,0,0,0,0.0938714795214807,0,0,0,0,0,0,0.00119307883909558,0.0833491313670637,0,0,0,0,0,0,0,0
"H099",0,0,0.0142699875865907,0,0,0,0,0,0,0,0,0,0,0,0,0,0,0,0,0,0.0606507976547933,0,0.0184169329391931,0,0,0,0,0,0,0,0,0,0,0,0.00865151881306327,0,0,0,0,0,0,0,0,0,0.0523765132416928,0,0,0,0,0,0,0,0,0.00945917617506576,0,0,0.0132406751560545,0.0809224331663682,0,0,0,0,1.28167156756937,0,0.0105472671713524,0,0,0,0.0550122778391979,0,0.00956354458551136,0,0.00958112400062051,0,0,0,0,0,0,0,0,0.00938653497972263,0,0.0336252728963997,0.0591191336231909,0,0,0,0.00885655765028406,0,0,0,0,0,0,0,0,0,0,0.0621452290282787,0,0,0,0,0,0.0456329434795422,0,0,0,0,0.0151955826178675
"H100",0,0,0,0,0,0,0,0.226950436769576,0,0,0.089931683717466,0.00363765080530864,0,0,0.00834706829878208,0,0,0,0,0,0.196000583592787,0,0.141534430514807,0,0,0.0426433658094321,0,0,0,0,0,0,0,0.146326940695153,0,0,0,0,0.140367226027882,0,0,0.0359066403412676,0,0,0,0,0,0,0.00435160184622599,0,0,0,0,0,0,0,0,0,0,0,0.0187951025877315,0,0,0.723755916280828,0.116004653218627,0,0,0,0.031848722367849,0,0,0.00443257266198905,0,0,0.00629723221586168,0,0,0,0,0,0.0327120754381536,0,0,0,0,0,0,0,0,0.0520706677826853,0.0126380390447397,0,0,0,0,0,0,0,0.0347994168704456,0,0.0520295137122154,0,0,0,0,0,0,0,0.0653050256717266,0,0
"H101",0,0,0.0022815614291046,0,0,0,0,0,0,0,0.0381663445844197,0.0261124171955269,0,0,0,0,0,0,0.0861336529653063,0,0.0353538950086683,0.0115287760606085,0,0,0,0,0,0,0,0,0,0,0,0,0.0125894364242162,0,0,0,0.0243969240006619,0,0,0,0,0,0.00508254864272041,0,0,0,0,0,0,0,0,0,0,0,0.00567626306848479,0,0,0,0.086175932691679,0.0203067814755209,0.0105472671713524,0.116004653218627,0.915960912337135,0.378132976511426,0,0,0.0515872114667567,0,0,0,0,0,0,0,0.0461509804682631,0,0,0,0,0,0,0,0,0,0.00497864841014636,0,0.0137697367355259,0,0.0408034016413838,0,0,0,0,0,0,0,0,0,0,0,0.00619142594412068,0,0,0.144353321535282,0,0,0,0,0
"H102",0,0,0,0,0,0.0032753947890724,0,0,0,0,0,0,0.030086335469148,0,0,0,0,0,0,0,0,0.00964202202113864,0,0,0.0187746514051396,0,0,0.180830318156006,0,0,0,0,0,0.0315770367348861,0.0102326317413414,0,0,0,0,0,0,0,0,0,0,0.0162225735134875,0,0,0,0.0248938911715533,0.00328897535288571,0,0,0,0,0,0,0,0,0,0,0.0540128494749553,0,0,0.378132976511426,0.944661742782736,0,0,0,0,0,0,0,0,0,0,0.112811779781052,0,0,0.00292997334715269,0,0.00202537040328844,0.00436415444061688,0,0.00509171274216162,0,0,0,0.00790544737712472,0,0.00769988605673782,0,0.0150299824050426,0,0.0143140010754825,0,0,0.00388096461487352,0,0.0146492900726434,0,0,0.00647508363590862,0,0,0.0717521096196693,0,0,0,0,0
"H103",0.01560113364994,0,0,0,0,0,0,0,0,0.0576191758582313,0,0.0346359298000708,0,0.00949783075498876,0,0,0,0.0549236716301944,0,0,0,0,0,0.00794805426834015,0,0,0,0,0.145653835788861,0,0,0,0.0206924014114592,0.00174471513897015,0,0.0456029887244673,0,0,0,0,0.150717291976524,0.00266333014573404,0,0,0,0,0,0.202893730295246,0.0146508117810898,0,0,0,0,0,0.033359941294545,0,0,0.0436236156940411,0,0,0,0,0,0,0,0,0.839945490111058,0,0,0,0.04392873489996,0,0,0,0,0,0,0.00905077261115758,0,0,0,0,0,0,0,0,0.0161565252436843,0,0,0,0,0.280060411622582,0,0,0,0,0,0,0.0261758178948774,0,0,0,0,0,0,0,0,0,0,0.0498305656886238,0.0193276548594097
"H104",0,0,0,0,0,0,0,0,0.0330556290321642,0,0,0,0,0,0,0,0,0,0,0,0,0,0,0,0,0.0474376848549278,0,0,0,0.0263436901724981,0,0.020251953829401,0,0,0,0,0,0,0,0,0,0.00677487556562452,0,0,0,0,0,0,0,0,0,0,0.0138803262371037,0,0,0,0,0,0,0,0.00625002361560239,0,0,0,0,0,0,1.21595258845698,0.114799418834399,0,0,0,0,0.0527439573970998,0,0.00554508954747867,0,0,0,0,0.0985345114125966,0,0.0149286428418154,0,0,0,0,0.0225753179847465,0,0,0,0,0,0,0,0,0.01339166547366,0.00494902216028096,0.0359265195243688,0,0.0107630283535501,0.00911643448186572,0,0,0.129516169957072,0.0159307857694842,0.00233838627037486,0,0,0,0
"H105",0,0,0,0,0,0,0,0,0,0,0,0,0,0,0,0,0.00624453700916105,0.0156929864873357,0.0486346679969311,0,0,0,0,0,0,0.0345072605681444,0,0,0,0,0,0.0242236106242962,0,0,0,0.0413401779524009,0,0.0735866241971107,0,0.0789832326422209,0,0,0,0,0,0,0,0,0,0,0,0,0,0.0252502162360557,0,0,0,0.020369816007105,0,0,0.0172608712198199,0,0.0550122778391979,0.031848722367849,0.0515872114667567,0,0,0.114799418834399,1.09192418321708,0.0413256573553459,0,0,0,0.0152714763409959,0,0.104156446797374,0,0,0,0,0.00993936669508051,0,0,0,0,0,0,0,0,0.0115067525473082,0.0818170019456032,0,0,0.00814306987489088,0,0,0,0,0,0,0,0,0,0,0.0388713593609901,0,0,0,0,0,0
"H107",0.029057139194389,0,0,0,0,0,0,0,0,0,0,0,0,0,0,0.0291943198223812,0,0,0,0,0,0,0,0,0,0,0,0,0,0.00994503883839854,0.00736892656778055,0.0272236624756478,0,0,0,0,0,0,0,0,0,0,0,0,0,0.0395603936843661,0,0,0,0,0,0.0146291461380937,0,0,0,0,0,0,0,0,0,0.0165229853579763,0,0,0,0,0,0,0.0413256573553459,1.26083098972074,0,0,0,0.0899675553436285,0.0190278370851706,0,0.072887952760568,0,0,0,0,0,0,0,0,0.0337441376660798,0,0.0398859664638603,0.0218295277379455,0,0,0,0,0.0093287163294655,0.0858446357512414,0.00445438013826905,0,0,0,0,0,0.0212072174285749,0,0,0,0,0,0,0,0,0
"H108",0,0,0,0,0.00550131472074686,0,0,0,0,0.0196184737747563,0,0.0487272282565557,0,0,0,0,0.00626252766246206,0,0,0,0,0,0.0136113830624644,0.0433157008283774,0,0,0,0,0,0,0.0175504137602727,0.0032129331490928,0,0,0,0.0360871293195806,0,0.183348085406893,0.096352790483617,0.0133765957878064,0,0.0443275870011191,0,0,0,0,0,0,0,0,0.00645749106581131,0,0,0,0.277319073108368,0,0,0,0,0,0.0177332135783938,0,0.00956354458551136,0,0,0,0.04392873489996,0,0,0,0.977977216015399,0,0,0,0,0,0,0.10548618484865,0,0,0,0,0,0,0,0,0,0,0,0,0,0,0,0,0,0,0,0,0.011677879175264,0,0,0,0,0,0,0,0.00634250987384055,0,0,0,0
"H109",0,0,0,0,0.262070872199105,0,0,0,0.00370985778131891,0,0,0,0,0,0,0,0,0,0,0,0,0,0,0,0,0,0,0,0,0.00649560176658937,0.0564223683305703,0,0,0,0,0,0,0,0,0,0,0.00512635043983163,0,0,0,0.0828016546762635,0,0,0,0,0,0,0.00393001105976753,0,0,0,0,0,0,0,0,0.018831725864892,0,0.00443257266198905,0,0,0,0,0,0,0,1.06151952011092,0,0,0,0,0,0,0,0,0,0,0.00402288375836741,0,0,0,0,0.0174754176015111,0,0.0038466215486657,0,0,0,0,0.193825856264909,0,0.00589260726206084,0,0,0,0,0.0789133972394017,0,0.11784032098531,0.000777040069363579,0.00468880422959742,0,0,0,0,0
"H110",0,0,0.00773198185614497,0,0,0,0,0,0,0,0,0,0,0,0,0,0,0,0.00861065394146709,0,0,0,0.100509803178145,0,0,0,0,0,0,0,0.113186138168106,0,0,0,0,0,0.0326352763102844,0,0,0.00687119426396579,0,0,0.110161058944054,0,0,0,0,0,0.0196515664959129,0,0,0.0237819547631797,0.00387435868065994,0.221259772767297,0,0.00518622815169571,0.0825673071130185,0,0,0,0,0,0.00958112400062051,0,0,0,0,0,0,0,0,0,0.865649297529361,0,0.0552379275801509,0,0,0,0.0104091117048629,0,0.111929835729853,0,0,0,0,0.109052321063483,0,0,0,0.0168905285008942,0.00419058268052563,0,0.101352151003315,0.0110897363356244,0,0.0254939554253507,0.0392047303288202,0,0,0,0,0,0,0,0,0,0,0.083495301739322,0,0,0
"H111",0,0,0,0,0.00256142961937313,0,0,0,0.00762466751667704,0,0,0,0,0,0,0,0.0273834076942933,0,0,0,0,0,0,0,0,0,0.0347323788817806,0,0,0.0218719464799829,0,0,0,0,0,0,0,0,0,0,0,0,0,0,0,0,0.0481814464473572,0,0,0,0,0.0122944230973219,0.00742076214683579,0,0,0.00377133690925809,0,0,0,0.0174143215806798,0,0,0,0,0,0,0,0.0527439573970998,0.0152714763409959,0.0899675553436285,0,0,0,1.21407616973477,0,0.0347567611740235,0,0,0,0,0,0,0,0,0,0,0,0.013988603468176,0,0,0,0,0,0.128226828002846,0.0387062327447635,0.117857719821616,0,0.00641544275549905,0,0,0,0.00612155007762973,0,0.0368132647877355,0,0,0.00104369473844405,0,0,0,0
"H113",0.0294989671223016,0,0,0,0,0,0,0.156467017818467,0,0,0.00657777536224047,0,0,0,0,0,0,0.0413124389805063,0,0.00913531623930832,0,0.036092452859082,0,0,0,0,0,0,0,0,0,0,0,0,0,0,0,0,0,0.00993503387603986,0.0169845390524247,0,0,0.00695376178942376,0,0,0,0,0.0318943494189499,0,0,0,0,0,0,0,0,0,0,0,0,0,0,0.00629723221586168,0,0,0,0,0,0.0190278370851706,0,0,0.0552379275801509,0,1.12540543814983,0.0890033269008019,0,0.008239110480395,0,0,0,0,0,0,0,0,0,0,0,0.140108982089312,0,0,0.0200055895121516,0,0,0,0,0,0.0246183201424621,0,0,0,0,0.0119871433578607,0,0,0,0,0,0,0
"H115",0.167979650190505,0,0,0,0,0,0,0.0479937844929004,0,0,0.00869295423284575,0,0,0,0,0.0196128183069444,0,0.0133402985226984,0,0,0,0.0295114600511169,0,0,0,0,0,0,0,0,0,0,0.043084883314896,0,0,0,0,0,0,0.00724512753770819,0.0623765109466953,0,0,0,0,0,0,0.0657807929158257,0.00867777384638355,0,0,0,0,0,0,0,0,0,0,0,0,0,0,0,0,0,0,0.00554508954747867,0.104156446797374,0,0,0,0,0.0347567611740235,0.0890033269008019,1.05447373407551,0,0,0,0,0.0256443145544933,0,0,0,0,0,0,0,0.00680091381831664,0.00611380280143345,0,0,0,0.0281293617900973,0,0.129098802587255,0,0,0,0,0,0,0,0,0,0,0,0,0,0,0
"H117",0,0.00392822175405938,0,0,0,0,0.00761360748633338,0,0,0,0,0,0,0,0,0.00768665964000828,0,0,0.010178467546053,0,0,0,0,0.0483143617251579,0.00839349375975075,0,0,0.00411619287306424,0,0,0,0,0,0,0,0,0,0,0,0,0,0,0,0,0.0107723874650991,0.00350094402860182,0,0,0,0,0,0,0,0,0,0.00211094592869037,0,0,0,0,0,0.275322836004842,0,0,0.0461509804682631,0.112811779781052,0,0,0,0.072887952760568,0,0,0,0,0,0,1.11164424965652,0,0.0113088567564882,0,0,0,0,0,0.00571125736780897,0.06195625761661,0,0,0.00866246542614067,0,0.00565752010504867,0,0,0,0.0709699314030503,0,0,0,0,0,0,0,0,0,0,0.0132525596879712,0,0,0,0,0
"H118",0,0,0.0108446159324627,0,0,0,0,0,0,0,0,0.019168423543161,0,0,0,0,0.100587200160003,0.0128160447436672,0.023076598529204,0,0,0.0596233148108914,0,0.0453858031004075,0,0,0,0,0,0,0,0.121059679511849,0,0,0,0,0,0.0219092831458509,0.0120915671227295,0,0,0,0.0672113750775466,0,0,0,0,0,0,0,0,0,0,0,0.0191999830781711,0,0,0,0,0,0.0190449237723037,0,0,0,0,0,0.00905077261115758,0,0,0,0.10548618484865,0,0,0,0.008239110480395,0,0,1.22192478316086,0,0,0,0,0,0,0,0,0,0,0,0,0,0,0,0,0,0.02499210689999,0,0,0,0,0,0,0,0,0,0,0,0,0,0,0
"H135",0,0,0,0,0,0,0,0,0,0,0,0,0,0,0,0,0,0,0.00262912209872498,0,0,0,0.0193549137258251,0.103333284293032,0.179779320065915,0,0,0,0,0,0.0106357196752125,0,0.00395530263117279,0,0,0.00468490793451651,0,0,0,0,0,0,0,0,0,0,0,0,0,0,0,0,0,0.0141839942900147,0,0,0.0335724641308149,0,0,0,0,0,0,0,0,0,0,0,0,0,0,0,0.0104091117048629,0,0,0,0.0113088567564882,0,1.04820810279533,0,0,0,0.0828517380099631,0,0.0729842673239491,0,0,0,0,0.0314617006941799,0.0820685151932527,0,0,0,0,0,0,0,0,0,0,0,0.121695814119812,0,0,0,0,0,0,0.0145075911597249,0.0240137941952631
"H148",0,0.0238127088285709,0,0.00754885090486679,0,0.161421494253632,0,0,0,0,0,0,0.0433833849551422,0.0171670535595971,0,0,0,0,0,0,0,0,0,0,0,0,0.148829345844503,0.182790244822947,0,0,0,0,0,0,0.00766098213925563,0,0,0,0,0,0,0,0,0,0,0.0373432063054264,0,0,0,0.259851677854457,0.0452236994153601,0,0,0,0,0.0135155511343456,0,0,0,0,0,0,0,0,0,0.00292997334715269,0,0,0,0,0,0,0,0,0,0,0,0,0,0.8377547131752,0,0.0257001684797353,0,0.0204541342525807,0,0,0,0,0,0,0,0,0,0,0,0,0,0.0786976406389978,0,0.0359583927554847,0,0,0,0.0020817864675513,0,0.00351207970003701,0,0,0,0,0
"H163",0,0,0,0,0,0,0,0.0107323431552771,0,0,0,0,0,0,0,0,0,0,0.00569490224293931,0,0,0,0.0215287291759573,0,0,0,0,0,0,0,0.0151398669171723,0,0,0.0343657677756714,0,0,0,0,0,0,0,0,0.0339619577180598,0,0,0,0,0,0,0,0,0,0,0.0924732735504841,0,0,0.0106897937190515,0,0,0,0.00983076346061015,0,0,0.0327120754381536,0,0,0,0.0985345114125966,0.00993936669508051,0,0,0,0.111929835729853,0,0,0.0256443145544933,0,0,0,0,1.17078003044383,0,0,0,0,0,0,0,0,0.0176540165900766,0,0,0,0,0,0,0,0,0,0,0.0159934358263145,0.0102746861751619,0.0162658910164514,0,0.00597390114844703,0,0,0,0,0,0.0195838702798325
"H164",0,0,0,0.00292706309849341,0,0,0,0,0,0,0,0,0,0,0,0,0,0,0,0,0.00405992250565798,0,0,0,0,0,0.0120343674223631,0.0396772593406648,0,0,0,0,0,0,0,0,0,0,0,0,0,0,0,0,0.0565429686979007,0,0,0,0,0.293305560311005,0.0120305229437459,0,0,0,0,0,0,0.0193263999096229,0,0,0,0,0.00938653497972263,0,0,0.00202537040328844,0,0,0,0,0,0,0,0,0,0,0,0,0,0.0257001684797353,0,0.924330207710764,0,0.0514692775508085,0,0,0,0,0,0,0,0,0.0724280048140566,0.224052781411674,0,0,0,0.254023709842594,0,0.0138117701834596,0,0,0,0,0,0,0,0,0,0,0
"H165",0,0.0571533302817628,0.0881973273541468,0.0126720764795587,0,0,0,0,0.0763940753646253,0,0,0,0,0,0,0,0,0,0,0,0,0.0110502134930735,0,0.00934479499080411,0.0707513295472197,0,0.00661295177422314,0,0,0.0512805779790514,0,0.0573400947653092,0,0,0.0448257140560589,0,0,0,0,0,0,0,0,0,0.0692161458089442,0,0.0255330164678532,0,0,0,0,0,0.048657447092277,0,0,0,0.130173408801958,0,0,0,0,0,0,0,0,0.00436415444061688,0,0.0149286428418154,0,0,0,0.00402288375836741,0,0,0,0,0,0,0.0828517380099631,0,0,0,0.79497932250788,0,0.00457668587326982,0,0,0,0.0500395676635396,0,0.204822880217843,0,0.00449741074432256,0,0,0,0.0550647085016962,0,0,0,0.0227096808131082,0,0.0251450443482044,0,0,0.06819144846946,0,0,0,0,0
"H167",0,0.0148030400701271,0,0,0,0,0,0,0.00515898996335095,0,0,0,0,0,0,0,0.0907412225537479,0,0,0,0,0,0,0,0,0,0.0704855473465278,0.0732176650015978,0,0.00497572586960938,0,0.00442792393780982,0.00415522894324964,0,0,0,0,0,0,0,0,0,0,0,0,0,0,0,0,0.0226643953338187,0,0,0.00457499221813525,0,0,0,0,0,0,0,0,0.00603054694615826,0.0336252728963997,0,0,0,0,0,0,0,0,0,0,0,0,0,0,0,0,0.0204541342525807,0,0.0514692775508085,0,1.33849505087902,0,0,0,0,0,0,0,0,0,0,0,0,0.00921015530520091,0,0,0.0290900844995905,0,0,0,0,0,0.0152913298620864,0,0,0,0,0
"H169",0,0,0.00957491037629431,0,0,0,0,0,0,0,0,0,0,0,0,0,0,0.0121836376630793,0.0493839587777417,0.0198173819016237,0.00304640427120868,0,0,0.0488277270656914,0.0762627575620335,0,0,0,0,0,0,0,0,0,0,0,0.0604447280608455,0,0,0,0,0,0,0,0,0,0,0,0,0,0,0,0,0.00569588080925876,0,0,0,0.00464695298392721,0,0,0,0.116759409634,0.0591191336231909,0,0,0.00509171274216162,0,0,0,0,0,0,0,0,0,0,0.00571125736780897,0,0.0729842673239491,0,0,0,0.00457668587326982,0,0.964945827355656,0,0,0,0.0243360502948213,0.0685954023897082,0.0674372696379765,0,0,0,0,0,0,0,0,0,0,0,0.285930060676626,0,0,0,0,0,0.0471016038346922,0.020664814691788,0.0622121449088815
"H171",0,0.00632247732689621,0,0,0.00447816151374125,0,0.00680933217225879,0,0,0,0,0,0,0.0127537603067662,0,0,0,0,0,0,0,0,0,0,0,0,0,0,0,0,0,0,0,0,0,0,0,0,0,0,0,0,0,0,0.00638193902955077,0,0,0,0,0,0,0.168178475777402,0.0426498522821792,0,0,0,0,0,0,0,0,0.0411175509656981,0,0,0,0,0,0,0,0.0337441376660798,0,0,0.109052321063483,0,0,0,0.06195625761661,0,0,0,0,0,0,0,0,1.07225721208822,0,0.123256480586783,0,0,0,0,0.0275117800806164,0,0.0235623632321885,0,0.090548415776107,0,0,0,0,0,0,0.010640746513029,0,0,0,0.0289992658912546,0,0,0
"H173",0.039835082692012,0,0,0,0,0.0141482900614182,0,0,0,0.137607319120982,0,0,0,0,0,0.0587369480985885,0,0,0.00489800595043237,0,0,0,0,0,0,0,0,0,0.107623447001634,0,0,0,0.0647734494722728,0,0,0.141091290825588,0,0,0,0,0.290896787464225,0,0,0,0,0,0,0.0123225493288894,0,0,0,0,0,0,0,0,0,0,0.0736564438849692,0,0,0.0109724868442018,0,0,0.00497864841014636,0,0.0161565252436843,0,0,0,0,0,0,0,0,0,0,0,0,0,0,0,0,0,0,0,0.940827420524692,0,0.026676085815397,0,0,0.0267962206353248,0,0,0,0,0,0,0,0,0,0,0,0,0,0.030856053343554,0,0,0,0.0243445478317267,0
"H187",0,0.0298058629726759,0,0,0.0249641712550734,0,0.0114374821277337,0,0.0281135884150263,0,0,0,0,0,0,0,0,0,0,0,0,0,0,0,0,0,0,0,0,0.15478526296563,0.0308459480904365,0,0,0,0,0,0,0,0,0,0,0.0106034400297392,0,0,0.0101368502135224,0.144728867499028,0,0,0,0,0,0.0511020026729998,0.00797792555318924,0,0,0,0,0,0,0,0,0,0,0,0,0,0,0.0225753179847465,0,0.0398859664638603,0,0.0174754176015111,0,0.013988603468176,0,0,0,0,0,0,0,0,0,0,0,0.123256480586783,0,1.09560001043868,0,0,0,0,0,0,0,0,0.00511187833434494,0,0,0,0,0.237845889751367,0,0.0397380529894854,0.0239532655329194,0,0.0267556388750941,0,0,0,0
"H192",0.0324459485556862,0,0.138060773726084,0,0,0,0.00670459747315577,0.00580013309580048,0,0,0,0,0,0,0,0.318758715875588,0,0,0,0,0,0.0259986341715512,0,0,0.016464761090699,0,0,0,0,0,0,0,0,0,0.20741591475169,0,0,0,0,0,0,0,0,0,0,0,0,0,0,0,0,0,0,0,0,0,0.131011935102738,0,0,0,0,0.0237176144594421,0.00885655765028406,0,0.0137697367355259,0.00790544737712472,0,0,0,0.0218295277379455,0,0,0,0,0,0.00680091381831664,0.00866246542614067,0,0,0,0,0,0.0500395676635396,0,0.0243360502948213,0,0.026676085815397,0,0.873025663147805,0,0.0365758751787243,0,0,0,0,0,0,0,0,0,0,0,0.0392027885217422,0,0,0.0115382426127836,0,0,0,0,0
"H194",0,0,0,0,0,0,0,0,0,0,0.15000624399234,0,0,0,0,0,0,0.0233331592072612,0,0,0.0229839303220006,0,0,0,0,0,0,0,0,0,0,0,0,0,0,0,0,0,0.0205711505316339,0.0741925944716296,0,0,0,0,0,0,0,0,0.0609133849465729,0,0,0,0,0,0,0,0,0,0,0,0,0,0,0.0520706677826853,0,0,0,0,0.0115067525473082,0,0,0.0038466215486657,0.0168905285008942,0,0.140108982089312,0.00611380280143345,0,0,0.0314617006941799,0,0.0176540165900766,0,0,0,0.0685954023897082,0,0,0,0,1.0010479672611,0,0,0.0151870591091977,0,0,0.0110440916867533,0,0,0,0,0,0,0.00714945370567607,0.0280346937030634,0,0,0,0,0.183690777019245,0.0409617765565504,0.0154683040572701
"H225",0,0,0.0105157980597011,0,0,0,0,0,0,0,0,0,0,0,0,0,0,0,0.10979170883918,0,0.0623301882414088,0.00864313669421126,0.0222430214821573,0.0443602397196566,0.0977431006889132,0,0,0,0,0,0.0287850869688594,0,0,0,0.00558087545807912,0.00244304609349938,0,0,0.0305129813845899,0,0,0,0.0693617730298506,0,0,0,0,0,0,0,0,0,0,0.0426209945448479,0,0,0.0357272038150329,0,0,0,0,0.0581579223478396,0,0.0126380390447397,0.0408034016413838,0.00769988605673782,0,0,0.0818170019456032,0,0,0,0.00419058268052563,0,0,0,0.00565752010504867,0,0.0820685151932527,0,0,0,0.204822880217843,0,0.0674372696379765,0,0,0,0.0365758751787243,0,0.873978728452967,0,0,0,0,0.00467899205441409,0,0,0,0,0,0,0.126661690177828,0,0,0,0,0,0,0,0
"H228",0.0710379206355666,0,0,0,0,0,0,0,0,0,0,0,0,0.0013533876906309,0,0,0,0,0,0,0,0.0694856862754118,0,0,0,0,0,0,0.199694257641773,0,0,0,0.0505219823297811,0.01081010121642,0,0.0498487022170224,0,0,0,0.00167174145261769,0.0202374736747675,0,0,0,0,0,0,0.240160848863866,0,0,0,0,0,0,0,0,0,0,0,0,0,0,0,0,0,0,0.280060411622582,0,0,0,0,0,0,0,0,0,0,0,0,0,0,0,0,0,0,0,0.0267962206353248,0,0,0,0,0.892676090182535,0,0,0,0,0,0,0.0756551799607265,0,0,0,0,0,0,0,0,0,0,0,0.0678506703136494
"H231",0,0.101202117896378,0,0,0,0,0,0,0,0,0,0,0,0,0,0,0,0,0,0,0,0,0,0,0,0,0,0.104386705832355,0,0,0,0,0,0.00586695379886341,0,0,0,0,0,0,0,0,0,0,0,0.0190853579188235,0,0,0,0.123504857087195,0,0,0.00603035985288103,0,0,0.00798711630298501,0,0,0,0,0,0,0,0,0,0.0150299824050426,0,0,0,0,0,0,0.101352151003315,0,0.0200055895121516,0,0,0,0,0,0,0.0724280048140566,0.00449741074432256,0,0,0.0275117800806164,0,0,0,0.0151870591091977,0,0,1.06969721812332,0.0839034359369218,0,0,0.0123279570748919,0.114267376221008,0,0,0,0,0,0,0,0,0,0.0368576509864112,0,0,0
"H233",0,0,0,0.00742795258956207,0.00311006907697984,0,0,0,0,0,0,0,0,0,0,0,0.0407035817462885,0,0,0,0,0,0,0,0,0,0,0,0,0.0050858207987603,0,0,0,0,0,0,0,0,0,0,0,0,0.00608783687605104,0,0,0,0.0143307796700313,0,0,0.0742325204777273,0,0,0,0,0,0,0,0,0,0,0,0,0,0,0,0,0,0,0.00814306987489088,0.0093287163294655,0,0,0.0110897363356244,0.128226828002846,0,0.0281293617900973,0,0,0,0,0,0.224052781411674,0,0,0,0,0,0,0,0,0,0,0.0839034359369218,1.05156181249669,0.0297624227268985,0.134227914763708,0,0.0775407563747212,0,0,0,0,0,0,0,0,0,0,0,0,0
"H234",0,0,0,0,0.136802032427992,0,0,0,0,0,0,0,0,0,0,0,0,0,0,0,0,0,0,0,0,0,0,0,0,0,0,0,0,0,0,0,0,0,0,0,0,0,0.0337622195672704,0,0.00194060865219462,0.0100759389279948,0,0,0,0,0,0.0220536716681269,0.083065332781798,0,0,0,0,0,0,0,0,0.0938714795214807,0,0,0,0.0143140010754825,0,0,0,0.0858446357512414,0,0.193825856264909,0,0.0387062327447635,0,0,0.0709699314030503,0,0,0,0,0,0,0,0,0.0235623632321885,0,0,0,0,0,0,0,0.0297624227268985,0.992519293982369,0,0.084442536390706,0,0,0,0,0.00877202849293015,0,0,0.000523362970029968,0,0,0,0,0,0
"H236",0,0,0.257887656799314,0,0,0,0,0,0,0,0.0354196795175142,0,0,0,0,0,0,0,0,0,0,0,0.0278250343354096,0,0,0,0,0,0,0,0.0595667236894538,0,0,0,0,0,0.190205508813492,0,0,0.02046869595308,0,0,0.0413726433993307,0,0,0,0,0,0.0114299579318049,0,0,0,0,0.0339782490858907,0,0,0.0219735098461223,0,0,0,0,0,0,0,0,0,0,0,0,0.00445438013826905,0,0,0.0254939554253507,0.117857719821616,0,0.129098802587255,0,0.02499210689999,0,0,0,0,0,0,0,0,0,0,0,0.0110440916867533,0.00467899205441409,0,0,0.134227914763708,0,0.913466132230139,0,0,0,0,0,0,0,0,0,0,0,0,0,0,0
"H238",0,0,0,0.016311523566809,0,0,0,0,0.0720645149018035,0,0,0,0,0.0324749043051349,0,0,0.00694047252667271,0,0,0,0,0,0,0,0,0,0.00601159976882077,0,0,0.069040266249117,0,0.0562498847642431,0,0,0,0,0,0,0,0,0,0,0,0,0.0217348777354234,0,0.0213342725143565,0,0,0,0,0.137421637903298,0.169057253238979,0,0,0.0107352702992464,0,0,0,0,0,0,0,0,0,0,0,0.01339166547366,0,0,0,0.00589260726206084,0.0392047303288202,0,0,0,0,0,0,0,0,0,0.0550647085016962,0.00921015530520091,0,0.090548415776107,0,0.00511187833434494,0,0,0,0,0.0123279570748919,0,0.084442536390706,0,0.885781714181304,0,0,0,0.0229686496490172,0,0,0,0,0.0684059615917624,0,0.0305167565473963,0,0,0
"H239",0,0.0329401150893853,0,0,0,0,0,0,0,0,0,0,0,0,0,0,0,0,0,0,0.0101110314068118,0,0,0,0,0,0.0142240791682755,0.0453264422964803,0,0,0,0,0,0,0,0,0,0,0,0,0,0,0,0,0.0157158854608333,0,0,0,0,0.154869267306865,0,0,0,0,0,0,0,0,0,0,0,0,0,0,0,0.00388096461487352,0,0.00494902216028096,0,0,0,0,0,0.00641544275549905,0,0,0,0,0,0.0786976406389978,0,0.254023709842594,0,0,0,0,0,0,0,0,0,0,0.114267376221008,0.0775407563747212,0,0,0,1.01281476957747,0,0,0,0,0,0,0.00100064837175291,0.00764923385058972,0.00285947221856986,0.00107222900690589,0,0,0
"H240",0,0,0,0,0,0,0,0.0464550925519605,0,0,0,0,0,0,0,0,0,0,0,0,0,0,0.0487567153840986,0,0,0,0,0,0,0.0342345982014017,0,0,0.0115841748973863,0.0252975371536159,0,0.0221079482206991,0,0,0,0,0.0149347703283392,0.208201621622106,0,0,0,0,0,0.151919060883433,0,0,0,0,0,0,0.0159214039026586,0,0,0,0.0460296528948327,0,0,0,0,0.0347994168704456,0,0,0.0261758178948774,0.0359265195243688,0,0,0.011677879175264,0,0,0,0.0246183201424621,0,0,0,0,0,0,0,0,0,0,0,0,0,0,0,0,0.0756551799607265,0,0,0,0,0,0,0.994419955071727,0,0.0163392842953269,0,0,0,0.00447471550479973,0,0,0,0,0,0
"H242",0,0,0,0,0,0.106828323014274,0,0,0,0,0,0,0.244629821937564,0,0,0,0,0,0,0,0.0169191455902095,0.0327877282206647,0,0,0,0,0,0.00450570882458498,0,0,0,0,0,0,0,0,0,0,0,0,0,0,0,0,0.0181939443695699,0.00719489644895413,0,0,0,0.014330744176953,0.255331040044684,0,0,0.0116012794183897,0,0,0,0.0135986010232948,0,0,0,0,0.0621452290282787,0,0,0.0146492900726434,0,0,0,0,0,0,0,0,0,0,0,0,0,0.0359583927554847,0,0.0138117701834596,0,0.0290900844995905,0,0,0,0,0,0,0,0,0,0,0,0,0,0,0,1.0402039352231,0,0,0,0,0,0.00674702287980758,0,0,0,0,0
"H243",0,0,0,0.0202930540015323,0,0,0,0.0702878194794976,0.0739744497567892,0,0,0.0796761586204084,0,0,0,0,0,0,0,0,0,0,0.158307254007899,0,0,0,0.00685624618635579,0,0,0.0488835021325141,0.00433822900206827,0.09766796903965,0,0.118352133497367,0,0,0,0,0,0,0,0.0554297107325177,0,0,0.00696267573875873,0,0.00707967365401165,0,0,0,0.0455563928832014,0,0.0168240399139916,0,0,0,0,0,0,0,0,0,0,0.0520295137122154,0,0,0,0.0107630283535501,0,0,0,0,0,0,0,0,0,0,0,0,0.0159934358263145,0,0.0227096808131082,0,0,0,0,0,0,0,0,0,0,0,0,0,0.0229686496490172,0,0.0163392842953269,0,0.775095401676309,0.00217431866155466,0,0,0.00562728984672863,0.0992614543807549,0.00584578489509914,0.00901639000734678,0,0,0
"H246",0,0,0,0,0.0267322885994239,0,0,0,0,0,0,0,0,0,0,0,0,0,0,0,0,0,0,0,0,0,0,0,0,0.0402933566815441,0.0838904549812012,0,0,0,0,0,0,0,0,0,0,0.00882299824176535,0,0,0,0.236012061377674,0,0,0,0,0,0,0,0,0,0,0,0,0,0,0,0.00119307883909558,0,0,0,0,0,0.00911643448186572,0,0.0212072174285749,0,0.0789133972394017,0,0.00612155007762973,0,0,0,0,0,0,0.0102746861751619,0,0,0,0,0,0,0.237845889751367,0,0,0,0,0,0,0.00877202849293015,0,0,0,0,0,0.00217431866155466,0.75273458407436,0,0.0832887577280576,0.243302183867529,0,0.0749361616883484,0.125230167249093,0,0,0
"H247",0,0,0.00267056147578128,0,0,0,0,0,0,0,0,0.00772108851154114,0,0,0,0.00586309063469328,0,0.0111944209801696,0.025141563906195,0,0,0,0,0.0211794904792186,0.0400026184173701,0,0,0,0,0,0.0114995558576506,0,0,0,0.00413009031942279,0,0.0331022322932797,0,0,0,0,0.0218907630849134,0,0,0,0,0,0,0,0,0,0,0,0,0,0,0.00432308654956459,0,0,0,0,0.0833491313670637,0,0,0.00619142594412068,0.00647508363590862,0,0,0,0,0,0,0,0,0,0,0,0,0.121695814119812,0,0.0162658910164514,0,0.0251450443482044,0,0.285930060676626,0,0,0,0.0392027885217422,0.00714945370567607,0.126661690177828,0,0,0,0,0,0,0,0,0,0,0,0.892214235850642,0,0,0,0,0,0.0436940940184842,0,0.248267152484236
"H249",0,0,0,0,0,0,0,0,0,0,0.0380301216080477,0,0,0.0392793157557749,0,0,0,0,0,0,0,0,0,0,0,0,0,0,0,0,0.0156502525401916,0,0,0,0,0,0,0,0,0.0382553935150831,0,0,0,0,0,0.0154563190950415,0,0,0.0283778090205371,0,0,0,0,0,0,0.0353198782546956,0,0,0,0.00641801993606461,0,0,0,0,0,0,0,0,0,0,0,0.11784032098531,0,0.0368132647877355,0.0119871433578607,0,0,0,0,0.0020817864675513,0,0,0,0,0,0.010640746513029,0,0.0397380529894854,0,0.0280346937030634,0,0,0,0,0,0,0,0,0,0,0,0.0832887577280576,0,1.12670224429506,0.0669979448172079,0,0.0432059988745348,0.0578720488345188,0,0,0
"H255",0,0,0,0,0.000643630412160236,0,0,0,0,0,0,0,0,0,0,0,0,0,0,0,0,0,0,0,0,0.0219664676201415,0,0,0,0.0112961363435237,0,0,0,0,0,0,0,0,0,0,0,0,0,0,0,0.00926483606141052,0,0,0,0,0,0,0,0,0,0,0,0,0,0,0,0,0,0,0,0,0,0.129516169957072,0.0388713593609901,0,0,0.000777040069363579,0,0,0,0,0,0,0,0,0.00597390114844703,0,0,0,0,0,0,0.0239532655329194,0,0,0,0,0,0,0.000523362970029968,0,0,0.00100064837175291,0.00447471550479973,0,0.00562728984672863,0.243302183867529,0,0.0669979448172079,0.929203628731543,0,0.218339997826191,0.30519017640615,0,0,0
"H257",0,0,0,0.0394686633319751,0,0.0118468559144783,0,0,0.20370451020727,0.019437010701877,0,0,0,0,0,0,0.00955429113744974,0,0,0,0,0,0,0,0,0,0.0204590773508511,0.00362552990234404,0,0.173690094749898,0,0.226531764147789,0,0,0.0135797381149024,0,0,0,0,0,0,0,0,0,0.0281405702945597,0,0.0381107086930438,0,0,0.0246106231905309,0,0,0.0387752321706994,0,0,0,0.0186442047690338,0,0,0,0,0,0.0456329434795422,0,0.144353321535282,0.0717521096196693,0,0.0159307857694842,0,0,0,0.00468880422959742,0,0,0,0,0.0132525596879712,0,0,0.00351207970003701,0,0,0.06819144846946,0.0152913298620864,0,0,0.030856053343554,0,0.0115382426127836,0,0,0,0,0,0,0,0.0684059615917624,0.00764923385058972,0,0.00674702287980758,0.0992614543807549,0,0,0,0,0.766913195690892,0,0.000606897215491839,0,0,0
"H260",0,0,0,0,0.32919513248384,0,0,0,0.189284204017749,0,0,0.00363211621599662,0,0,0,0,0,0,0,0,0,0,0,0,0,0,0,0,0,0.0139599462260657,0.0701070376763998,0,0,0,0,0,0,0.00389255252728961,0.0115154243322517,0,0,0,0,0,0,0,0,0,0,0,0,0,0,0,0.00950057126832961,0,0,0,0,0,0,0,0,0,0,0,0,0.00233838627037486,0,0,0.00634250987384055,0,0,0.00104369473844405,0,0,0,0,0,0,0,0,0,0,0,0,0,0.0267556388750941,0,0,0,0,0,0,0,0,0,0.00285947221856986,0,0,0.00584578489509914,0.0749361616883484,0,0.0432059988745348,0.218339997826191,0,0.740550704061432,0.232349784463178,0,0,0
"H265",0,0,0,0,0,0,0,0,0.000603188877282469,0,0,0,0,0.024962861527563,0,0,0,0,0,0,0,0,0,0,0,0,0.000636272964719674,0,0,0,0,0,0,0,0,0,0,0,0,0,0,0,0.0144519922606283,0,0,0,0,0,0,0,0,0.0922843073380613,0.0959131294449812,0,0,0.271072839413469,0,0,0,0,0,0,0,0,0,0,0,0,0,0,0,0,0.083495301739322,0,0,0,0,0,0,0,0,0,0,0,0,0.0289992658912546,0,0,0,0,0,0,0.0368576509864112,0,0,0,0.0305167565473963,0.00107222900690589,0,0,0.00901639000734678,0.125230167249093,0,0.0578720488345188,0.30519017640615,0.000606897215491839,0.232349784463178,0.725561055914324,0,0,0
"H266",0,0,0,0,0,0,0,0.0454146327156526,0,0,0.144366182235769,0.0215423586386047,0,0,0.0282832013840089,0,0,0,0,0,0,0,0.0222392880518341,0,0,0.0584168806940639,0,0,0,0,0,0,0,0.0255678575873227,0,0,0,0,0,0.113386920314693,0,0,0,0,0,0,0,0,0.0933629856098135,0,0.0211973968181835,0,0,0,0.00323284431840743,0,0,0,0,0,0,0,0,0.0653050256717266,0,0,0,0,0,0,0,0,0,0,0,0,0,0,0,0,0,0,0,0,0.0471016038346922,0,0,0,0,0.183690777019245,0,0,0,0,0,0,0,0,0,0,0,0,0.0436940940184842,0,0,0,0,0,0.985150999041313,0.0374933929650812,0.0524773599569431
"H270",0,0,0,0,0,0.0153611090261084,0,0,0,0.0211126559841615,0,0,0,0,0,0,0,0,0,0.00358525041143698,0,0,0,0,0.00426786970613731,0,0,0,0,0,0,0,0.409116600894965,0,0,0.128149748595699,0,0,0,0,0.0572973945548008,0,0,0,0,0,0,0,0,0,0,0,0,0,0,0,0,0,0.0527239928072645,0,0,0,0,0,0,0,0.0498305656886238,0,0,0,0,0,0,0,0,0,0,0,0.0145075911597249,0,0,0,0,0,0.020664814691788,0,0.0243445478317267,0,0,0.0409617765565504,0,0,0,0,0,0,0,0,0,0,0,0,0,0,0,0,0,0,0.0374933929650812,0.99659609814263,0
"H271",0.135405973996821,0,0,0,0,0,0,0,0,0,0.00787929725209819,0,0,0,0,0,0,0,0,0,0,0,0,0.00869279681669768,0,0,0,0,0.0190987734051517,0,0,0,0,0,0,0,0,0,0,0.0223069331786235,0,0,0,0,0,0,0,0.0629176852630564,0.00474482711273836,0,0,0,0,0,0.00637286318206682,0,0,0,0,0,0,0,0.0151955826178675,0,0,0,0.0193276548594097,0,0,0,0,0,0,0,0,0,0,0,0.0240137941952631,0,0.0195838702798325,0,0,0,0.0622121449088815,0,0,0,0,0.0154683040572701,0,0.0678506703136494,0,0,0,0,0,0,0,0,0,0,0.248267152484236,0,0,0,0,0,0.0524773599569431,0,1.05949600782353
