NAME	log2FC	p_val	padj
peak285	-0.862666527284749	3.02932682417304e-05	0.0160554321681171
peak269	0.411285191832754	9.23026931811532e-05	0.0244602136930056
peak246	1.67953204068596	0.000522587555034224	0.0626912866338929
peak257	1.11587757656783	0.000591427232395216	0.0626912866338929
peak379	4.3817248811819	0.000381314248001201	0.0626912866338929
peak335	0.853132817435827	0.000710315583727887	0.0627445432292967
peak288	0.862332814781448	0.00090273505653137	0.068349939994518
peak346	0.584801027349942	0.00143619923913664	0.0845761774158243
peak433	-0.882913016092768	0.0013566843569131	0.0845761774158243
peak531	0.862262412082262	0.00160800931317991	0.085224493598535
peak334	-0.306769858563586	0.004663953273999	0.216602536853419
peak430	-0.613290805682715	0.00490420838158684	0.216602536853419
peak378	0.511383270322997	0.00597890056107986	0.243755176720948
peak412	0.344741818387568	0.00659067569105927	0.24950415116153
peak118	-0.154949009853565	0.00962635245605349	0.255098340085417
peak200	1.46830739876565	0.00725712930030868	0.255098340085417
peak283	0.462582470461121	0.00918972056457203	0.255098340085417
peak312	0.894017231620723	0.00918972056457203	0.255098340085417
peak351	-0.615167806198885	0.00798232755476884	0.255098340085417
peak503	0.540244559798386	0.00877056144050701	0.255098340085417
peak127	0.194086581843829	0.0132244978010104	0.333029479976483
peak385	-0.565572530164699	0.013823865206571	0.333029479976483
peak12	-0.0826414958782726	0.0195270326206075	0.383308418108221
peak206	0.482803431008898	0.0179388764923803	0.383308418108221
peak348	-1.28246465366191	0.0195270326206075	0.383308418108221
peak360	-0.0921193375974962	0.0187184709536816	0.383308418108221
peak78	-0.812569830948414	0.0187184709536816	0.383308418108221
peak142	-0.186523409282178	0.0282535138032504	0.421152806696025
peak164	0.0873909085951494	0.0294012336750055	0.421152806696025
peak176	0.127886325498151	0.0271439894233059	0.421152806696025
peak284	-0.342309484213242	0.0294012336750055	0.421152806696025
peak345	-0.651979294011835	0.0282535138032504	0.421152806696025
peak354	-0.794942331867572	0.0294012336750055	0.421152806696025
peak397	-0.476982335094296	0.0240347513020987	0.421152806696025
peak466	-0.103648377484617	0.0271439894233059	0.421152806696025
peak472	-0.282494330816957	0.0271439894233059	0.421152806696025
peak529	0.322697960423234	0.0250355771440627	0.421152806696025
peak144	-0.153639291523133	0.0318152970983896	0.421552686553663
peak145	0.105314598012402	0.0318152970983896	0.421552686553663
peak244	0.372913667393828	0.0318152970983896	0.421552686553663
peak120	-0.268940405155941	0.0400816474303618	0.424865462761835
peak139	0.26221681453326	0.0385909929874776	0.424865462761835
peak302	0.275905367424015	0.035748460244408	0.424865462761835
peak370	-0.262250925260749	0.0343943953315379	0.424865462761835
peak377	2.51170653807418	0.035748460244408	0.424865462761835
peak38	0.141355721276636	0.0400816474303618	0.424865462761835
peak393	0.200676176634918	0.0371469637552142	0.424865462761835
peak40	0.291280648585175	0.0400816474303618	0.424865462761835
peak416	-0.353317809865759	0.0330836946955715	0.424865462761835
peak424	0.2067689390888	0.0385909929874776	0.424865462761835
peak423	0.489807824533013	0.0416200386155478	0.432521969926281
peak195	-0.460810653457176	0.044844534766927	0.440140804193914
peak452	-0.234145034936522	0.044844534766927	0.440140804193914
peak86	-0.125707228754637	0.0432072896334795	0.440140804193914
peak141	-0.237343666001039	0.0482735974040495	0.456875118288325
peak278	0.457610630410507	0.0482735974040495	0.456875118288325
peak282	0.513679281133576	0.0538210923434298	0.483477609186743
peak323	1.00688220421415	0.0538210923434298	0.483477609186743
peak35	-2.01004621188512	0.0538210923434298	0.483477609186743
peak290	0.476882088818054	0.0557826855813802	0.492747055968858
peak344	-0.0986020884255026	0.057802483601964	0.502218300148212
peak149	0.098965554527518	0.0642231868022441	0.510704255941708
peak167	0.260897480450245	0.066487912565996	0.510704255941708
peak262	1.65102016133988	0.0598816914376038	0.510704255941708
peak281	0.439717505083682	0.0642231868022441	0.510704255941708
peak319	-0.0485446899243301	0.0620215202618727	0.510704255941708
peak331	-0.307544434193976	0.066487912565996	0.510704255941708
peak425	0.390870274446794	0.066487912565996	0.510704255941708
peak521	-0.223015365468747	0.066487912565996	0.510704255941708
peak30	-0.253606062002273	0.0688169232096386	0.521042418587263
peak218	0.14794385117825	0.078800429029787	0.539734374033466
peak236	0.546864093979369	0.0762019666657117	0.539734374033466
peak25	0.717184475955882	0.0814693394767496	0.539734374033466
peak279	0.0653057283955441	0.078800429029787	0.539734374033466
peak292	0.0971696695777178	0.0814693394767496	0.539734374033466
peak300	-0.0501499611014934	0.0762019666657117	0.539734374033466
peak322	0.401576742211175	0.078800429029787	0.539734374033466
peak356	-0.108257981943184	0.073672717727431	0.539734374033466
peak76	-0.565905405449713	0.0814693394767496	0.539734374033466
peak93	-0.170517043813525	0.0814693394767496	0.539734374033466
peak350	-0.245146535228318	0.0870234393177459	0.569412627634634
peak442	-0.196579867152364	0.089911091390688	0.581132663866642
peak166	-0.219613019767447	0.0959137331449776	0.591096262405094
peak242	0.164740342606608	0.0959137331449776	0.591096262405094
peak465	0.562757918512827	0.0959137331449776	0.591096262405094
peak90	0.201496059432259	0.0959137331449776	0.591096262405094
peak212	0.445181194067863	0.108862400041386	0.607337600230888
peak228	0.435300232777939	0.102227615858882	0.607337600230888
peak256	0.128090398289773	0.105504296160935	0.607337600230888
peak28	0.166190364754526	0.105504296160935	0.607337600230888
peak325	0.609856458965106	0.102227615858882	0.607337600230888
peak365	0.621820280374642	0.108862400041386	0.607337600230888
peak387	-0.463400427153526	0.102227615858882	0.607337600230888
peak79	0.287552292060158	0.108862400041386	0.607337600230888
peak81	-0.719318831288581	0.105504296160935	0.607337600230888
peak165	0.389498846633137	0.112303114558248	0.60735357873338
peak225	0.136417108671403	0.112303114558248	0.60735357873338
peak51	0.0847414123449733	0.112303114558248	0.60735357873338
peak239	0.0841921438893842	0.115827616704968	0.607808285679534
peak307	0.310927651606249	0.115827616704968	0.607808285679534
peak445	-0.292064415541627	0.115827616704968	0.607808285679534
peak101	0.222591657901168	0.119437072270637	0.614579109742114
peak502	0.116350940587937	0.119437072270637	0.614579109742114
peak270	0.872148792674346	0.123132634895171	0.627502850908085
peak13	-0.597248803660783	0.134747295748044	0.649236970422395
peak184	0.333925011557727	0.134747295748044	0.649236970422395
peak190	0.314464922339214	0.134747295748044	0.649236970422395
peak271	0.62148181317257	0.134747295748044	0.649236970422395
peak324	-3.52751165624341	0.134747295748044	0.649236970422395
peak363	0.293657206484001	0.134747295748044	0.649236970422395
peak15	-0.275801838346949	0.142941441315768	0.652832525258327
peak160	0.171834328876594	0.147177053680528	0.652832525258327
peak214	0.176795318716973	0.147177053680528	0.652832525258327
peak26	0.0494255098545375	0.142941441315768	0.652832525258327
peak383	-0.200641416559797	0.138798541263156	0.652832525258327
peak403	0.419793864747098	0.151506416239197	0.652832525258327
peak405	0.203269177565673	0.142941441315768	0.652832525258327
peak5	0.106923864694811	0.147177053680528	0.652832525258327
peak520	0.347803030010927	0.142941441315768	0.652832525258327
peak59	-0.520082874288141	0.138798541263156	0.652832525258327
peak69	0.0798794341955295	0.151506416239197	0.652832525258327
peak7	0.68629874236274	0.151506416239197	0.652832525258327
peak94	0.20802251106188	0.151506416239197	0.652832525258327
peak134	0.0554833474571015	0.155930545975637	0.65921497674823
peak168	-0.815099544588743	0.155930545975637	0.65921497674823
peak21	0.118550487736557	0.160450437736833	0.65921497674823
peak222	0.465073529825533	0.160450437736833	0.65921497674823
peak401	0.429526465408454	0.160450437736833	0.65921497674823
peak60	0.266920832443558	0.160450437736833	0.65921497674823
peak10	0.348072966764388	0.165067063223299	0.667828576399606
peak157	0.107409281823652	0.165067063223299	0.667828576399606
peak175	0.010334241208849	0.169781369743623	0.676572375670077
peak448	-0.0489222172418109	0.169781369743623	0.676572375670077
peak396	-0.0794413849832368	0.174594279205337	0.680404176314916
peak462	-0.15068124129973	0.174594279205337	0.680404176314916
peak75	-0.146255928135351	0.174594279205337	0.680404176314916
peak169	0.0809437047672611	0.184519460336449	0.683883314533693
peak321	-0.0722963406124918	0.184519460336449	0.683883314533693
peak417	0.275824196031339	0.179506686867343	0.683883314533693
peak483	0.0473198883016608	0.184519460336449	0.683883314533693
peak487	-0.818413208127622	0.184519460336449	0.683883314533693
peak70	-0.0894547011675001	0.184519460336449	0.683883314533693
peak89	0.301309376410396	0.179506686867343	0.683883314533693
peak128	-0.0771502383503775	0.205590530990243	0.687884758218893
peak129	-0.126018420907905	0.205590530990243	0.687884758218893
peak137	0.458799131380501	0.216748593627463	0.687884758218893
peak138	0.183071443594577	0.216748593627463	0.687884758218893
peak177	-0.165539625277916	0.211117098868465	0.687884758218893
peak188	0.0916591926981875	0.205590530990243	0.687884758218893
peak233	0.430605920867673	0.189633438323003	0.687884758218893
peak243	0.0406476706185766	0.216748593627463	0.687884758218893
peak259	0.153885487345872	0.216748593627463	0.687884758218893
peak3	0.199300003797582	0.216748593627463	0.687884758218893
peak305	-0.920664258284132	0.216748593627463	0.687884758218893
peak327	0.0868751719507127	0.211117098868465	0.687884758218893
peak367	0.0968613190300164	0.200168212005899	0.687884758218893
peak402	-0.553159588695606	0.211117098868465	0.687884758218893
peak414	0.144472978663041	0.211117098868465	0.687884758218893
peak419	0.0901028530457941	0.194849429647698	0.687884758218893
peak432	0.232131847395688	0.194849429647698	0.687884758218893
peak451	0.122444678220576	0.200168212005899	0.687884758218893
peak456	0.0961540914442892	0.205590530990243	0.687884758218893
peak477	0.169271113803703	0.211117098868465	0.687884758218893
peak480	-0.039952024061731	0.205590530990243	0.687884758218893
peak482	-2.08857786051115	0.194849429647698	0.687884758218893
peak501	-0.128779530881848	0.205590530990243	0.687884758218893
peak507	-0.037073168487802	0.189633438323003	0.687884758218893
peak217	0.316922789117778	0.222485657770347	0.68957543051628
peak274	0.348561946146087	0.222485657770347	0.68957543051628
peak45	0.19808480120214	0.222485657770347	0.68957543051628
peak53	-0.0883935117738676	0.222485657770347	0.68957543051628
peak133	-0.275995401308719	0.228328897386873	0.695484572500246
peak252	0.415701365846621	0.228328897386873	0.695484572500246
peak460	-0.152952247717915	0.228328897386873	0.695484572500246
peak117	-0.253391244812687	0.234278880975528	0.705498902937669
peak527	0.0784174538519856	0.234278880975528	0.705498902937669
peak191	-0.0192019270380654	0.240336138546136	0.707656407941401
peak238	0.0627895352800341	0.240336138546136	0.707656407941401
peak264	-0.216516299263254	0.240336138546136	0.707656407941401
peak420	0.0298361950088152	0.240336138546136	0.707656407941401
peak113	0.216101497352056	0.246501160471999	0.70883825510138
peak147	0.0436468151479235	0.252774396630492	0.70883825510138
peak17	-0.320936432245743	0.252774396630492	0.70883825510138
peak231	0.0674008257406431	0.246501160471999	0.70883825510138
peak241	0.0110524996534829	0.246501160471999	0.70883825510138
peak27	0.151680580310727	0.252774396630492	0.70883825510138
peak293	1.32945949007019	0.252774396630492	0.70883825510138
peak392	0.2256414224023	0.246501160471999	0.70883825510138
peak508	0.220651514977953	0.252774396630492	0.70883825510138
peak428	-0.55643347961138	0.259156255291122	0.719124687457041
peak96	-0.607560341873172	0.259156255291122	0.719124687457041
peak152	0.0538576906661513	0.265647102299095	0.725736928961446
peak380	0.230545001775772	0.265647102299095	0.725736928961446
peak413	-0.0563551664092819	0.265647102299095	0.725736928961446
peak2	-0.424990706240556	0.278957006497815	0.735558275840011
peak265	-1.39282600545124	0.278957006497815	0.735558275840011
peak297	0.058691139042921	0.278957006497815	0.735558275840011
peak32	0.210548841407762	0.278957006497815	0.735558275840011
peak337	-0.280552742691824	0.27224726000514	0.735558275840011
peak4	-0.0542465206732025	0.27224726000514	0.735558275840011
peak488	-0.136878335499082	0.278957006497815	0.735558275840011
peak126	0.0877517058947101	0.292706151055807	0.742269186887932
peak210	0.430174697535169	0.285776574580031	0.742269186887932
peak224	0.366700344470144	0.292706151055807	0.742269186887932
peak261	0.344714466976038	0.292706151055807	0.742269186887932
peak29	-0.0198426461946885	0.292706151055807	0.742269186887932
peak406	-0.393332257869495	0.292706151055807	0.742269186887932
peak410	0.393464384799678	0.292706151055807	0.742269186887932
peak63	-0.261355371828519	0.285776574580031	0.742269186887932
peak186	0.202006769747107	0.299745875759199	0.752916180816946
peak318	0.421557346394735	0.299745875759199	0.752916180816946
peak156	0.112087509619198	0.306895840900217	0.756533933381931
peak234	0.298315232022253	0.306895840900217	0.756533933381931
peak358	0.253518920281477	0.306895840900217	0.756533933381931
peak375	0.453978964330879	0.306895840900217	0.756533933381931
peak104	-0.535084832138481	0.314156090151735	0.767293676407464
peak111	-0.259069790414416	0.314156090151735	0.767293676407464
peak16	0.0287399695217047	0.321526618060025	0.771081934714087
peak467	0.242636132206076	0.321526618060025	0.771081934714087
peak84	-0.145051446222461	0.321526618060025	0.771081934714087
peak91	0.0738784904437097	0.321526618060025	0.771081934714087
peak179	0.472573087654576	0.32900736919419	0.774995136324093
peak18	0.267337937224847	0.32900736919419	0.774995136324093
peak229	-0.289950224162214	0.32900736919419	0.774995136324093
peak258	0.0264930598043725	0.32900736919419	0.774995136324093
peak119	-0.506987135387982	0.336598237626566	0.782443271675789
peak313	0.134183573368976	0.336598237626566	0.782443271675789
peak449	-0.225918957142755	0.336598237626566	0.782443271675789
peak411	0.0764442710853443	0.344299066149903	0.793384804606299
peak506	-0.224536014585115	0.344299066149903	0.793384804606299
peak106	0.283168966363537	0.360029715304625	0.798392255696448
peak107	0.1973549030872	0.360029715304625	0.798392255696448
peak215	0.140326453625733	0.360029715304625	0.798392255696448
peak343	0.209392070815717	0.360029715304625	0.798392255696448
peak386	0.216996801351472	0.360029715304625	0.798392255696448
peak57	0.0479751329077395	0.360029715304625	0.798392255696448
peak80	-0.241395267271123	0.360029715304625	0.798392255696448
peak85	-0.170606178079444	0.352109645831798	0.798392255696448
peak98	-0.157891886638511	0.360029715304625	0.798392255696448
peak123	0.364272110690436	0.384443453311812	0.802185158485276
peak235	0.718973153852702	0.368058960398774	0.802185158485276
peak251	-0.468744058947479	0.376197013509164	0.802185158485276
peak255	0.543829506268516	0.384443453311812	0.802185158485276
peak304	0.254125560591921	0.376197013509164	0.802185158485276
peak368	0.262471887704881	0.384443453311812	0.802185158485276
peak369	-0.972949356105101	0.376197013509164	0.802185158485276
peak372	0.217897181755194	0.384443453311812	0.802185158485276
peak409	-0.479339820030629	0.376197013509164	0.802185158485276
peak450	-0.152405063442306	0.376197013509164	0.802185158485276
peak470	0.0102991866943156	0.376197013509164	0.802185158485276
peak512	-0.0500112958921607	0.384443453311812	0.802185158485276
peak525	-0.071548642658649	0.384443453311812	0.802185158485276
peak71	-0.0552678630730644	0.384443453311812	0.802185158485276
peak77	-0.211812099157346	0.368058960398774	0.802185158485276
peak131	0.138812036120752	0.392797804211356	0.80862187892182
peak171	0.118166339375458	0.392797804211356	0.80862187892182
peak223	-0.138215126972846	0.401259536144224	0.80862187892182
peak315	-0.00357707361986495	0.401259536144224	0.80862187892182
peak408	0.216191770708362	0.401259536144224	0.80862187892182
peak43	0.406621569825223	0.401259536144224	0.80862187892182
peak444	-0.0281502673548594	0.401259536144224	0.80862187892182
peak481	-0.0940684039996829	0.401259536144224	0.80862187892182
peak516	0.313396510482403	0.401259536144224	0.80862187892182
peak115	0.174933609348342	0.409828064111275	0.810480873055879
peak198	0.0646523067180601	0.409828064111275	0.810480873055879
peak267	-0.0741696590582632	0.409828064111275	0.810480873055879
peak47	0.14835478179025	0.409828064111275	0.810480873055879
peak97	-0.163190538538584	0.409828064111275	0.810480873055879
peak151	0.417538818743876	0.418502748071418	0.812477862556232
peak208	-0.0180723919711276	0.418502748071418	0.812477862556232
peak289	-0.356058119599225	0.418502748071418	0.812477862556232
peak341	0.111140313970893	0.418502748071418	0.812477862556232
peak366	0.197000879698355	0.418502748071418	0.812477862556232
peak230	-0.213181949521873	0.427282892562194	0.820507003833198
peak353	0.0201658462560701	0.427282892562194	0.820507003833198
peak422	0.302035535368038	0.427282892562194	0.820507003833198
peak182	0.245755469683987	0.436167746687301	0.825603234800963
peak357	0.058623934760695	0.436167746687301	0.825603234800963
peak431	-0.0237609361204081	0.436167746687301	0.825603234800963
peak88	-0.435566363873006	0.436167746687301	0.825603234800963
peak121	-0.129785087355822	0.463442222300105	0.827018107134867
peak124	0.0709441708790974	0.454248301729058	0.827018107134867
peak199	0.0209487426984338	0.445156503828477	0.827018107134867
peak296	0.113526565183256	0.454248301729058	0.827018107134867
peak301	0.105370521229898	0.454248301729058	0.827018107134867
peak342	0.00543991829134715	0.445156503828477	0.827018107134867
peak36	0.168595632587008	0.463442222300105	0.827018107134867
peak381	-0.272835277625736	0.463442222300105	0.827018107134867
peak391	-0.166344434562021	0.463442222300105	0.827018107134867
peak463	0.0149244884179451	0.463442222300105	0.827018107134867
peak492	-0.0605188322842413	0.445156503828477	0.827018107134867
peak498	0.0333437211858123	0.463442222300105	0.827018107134867
peak504	0.144176065117134	0.463442222300105	0.827018107134867
peak515	0.0279390931014614	0.445156503828477	0.827018107134867
peak73	-0.0668533283318574	0.463442222300105	0.827018107134867
peak8	0.209301508120749	0.445156503828477	0.827018107134867
peak82	-0.00773462532588618	0.463442222300105	0.827018107134867
peak266	-0.350716729176454	0.472737291802625	0.835169215517971
peak310	-0.0350400138923982	0.472737291802625	0.835169215517971
peak52	-0.0413344410560308	0.472737291802625	0.835169215517971
peak125	-0.505717209248854	0.482132480749496	0.84055991709616
peak146	0.133106928704853	0.482132480749496	0.84055991709616
peak320	-0.0141720706335059	0.482132480749496	0.84055991709616
peak510	-0.155395618488016	0.482132480749496	0.84055991709616
peak180	0.062680601826984	0.510907637792417	0.862360025573187
peak185	-0.0510262534317213	0.501218821702216	0.862360025573187
peak187	0.0650524496312583	0.510907637792417	0.862360025573187
peak20	0.00575740621060433	0.510907637792417	0.862360025573187
peak248	-0.170108840222753	0.501218821702216	0.862360025573187
peak429	-0.0793633404647134	0.510907637792417	0.862360025573187
peak441	-0.163149900189424	0.501218821702216	0.862360025573187
peak514	0.19642172549936	0.510907637792417	0.862360025573187
peak528	0.0344576507576977	0.510907637792417	0.862360025573187
peak58	-0.0476309385926574	0.501218821702216	0.862360025573187
peak240	0.406917692645896	0.52069190197949	0.86239596265353
peak306	0.604697649264056	0.52069190197949	0.86239596265353
peak437	0.114310092224891	0.52069190197949	0.86239596265353
peak461	-0.132661940334063	0.52069190197949	0.86239596265353
peak485	-0.00605165376296949	0.52069190197949	0.86239596265353
peak9	0.101423329790427	0.52069190197949	0.86239596265353
peak202	-0.0995300860645542	0.530570309289734	0.867908221986293
peak373	0.192084775841026	0.530570309289734	0.867908221986293
peak374	-0.0419890767805105	0.530570309289734	0.867908221986293
peak384	-0.0358169211595306	0.530570309289734	0.867908221986293
peak453	-0.100465196884318	0.540541500454091	0.881498446894364
peak173	0.119683614481019	0.550604062499037	0.881901959626238
peak23	-0.164280184098725	0.560756529045363	0.881901959626238
peak250	-0.119631843360235	0.560756529045363	0.881901959626238
peak260	0.0778296722692072	0.550604062499037	0.881901959626238
peak275	0.00872556768997685	0.550604062499037	0.881901959626238
peak316	0.0364332574086456	0.550604062499037	0.881901959626238
peak338	-0.102921060718806	0.560756529045363	0.881901959626238
peak364	-0.532242910929144	0.550604062499037	0.881901959626238
peak390	0.302998538916816	0.560756529045363	0.881901959626238
peak404	0.0704785220282181	0.560756529045363	0.881901959626238
peak426	0.0530695128827722	0.560756529045363	0.881901959626238
peak473	-0.0330788421724346	0.560756529045363	0.881901959626238
peak110	-0.213582661244957	0.570997381001762	0.887473935281331
peak439	0.154086190186566	0.570997381001762	0.887473935281331
peak61	0.0613964576368991	0.570997381001762	0.887473935281331
peak66	0.104795416554676	0.570997381001762	0.887473935281331
peak22	-0.000352445557676739	0.581325046963733	0.893050072147185
peak399	0.177152874234984	0.581325046963733	0.893050072147185
peak443	-0.0206166891893507	0.581325046963733	0.893050072147185
peak526	-0.0820517765320682	0.581325046963733	0.893050072147185
peak11	0.0323811086666719	0.591737904009501	0.893507376424603
peak192	-0.00168827568615185	0.591737904009501	0.893507376424603
peak330	0.115093296395159	0.591737904009501	0.893507376424603
peak359	0.161975457531059	0.591737904009501	0.893507376424603
peak447	-0.0422437021841309	0.591737904009501	0.893507376424603
peak517	-0.175173227699311	0.591737904009501	0.893507376424603
peak155	-0.20192012509153	0.60223427819757	0.901650190521786
peak209	1.21953900307452	0.60223427819757	0.901650190521786
peak389	0.00961745663137366	0.60223427819757	0.901650190521786
peak135	0.00525387387608308	0.612812445464121	0.902196100266623
peak158	0.14316349117671	0.612812445464121	0.902196100266623
peak159	-0.308783879885442	0.612812445464121	0.902196100266623
peak339	0.0730370921190245	0.612812445464121	0.902196100266623
peak355	0.059978254081229	0.612812445464121	0.902196100266623
peak500	0.0457402082094223	0.612812445464121	0.902196100266623
peak122	-0.157443842934676	0.623470632218207	0.902839986545491
peak204	0.16438904392666	0.623470632218207	0.902839986545491
peak398	-0.41425781271357	0.623470632218207	0.902839986545491
peak455	-0.166616442350721	0.623470632218207	0.902839986545491
peak496	0.0427319606163019	0.623470632218207	0.902839986545491
peak505	0.1438392986956	0.623470632218207	0.902839986545491
peak162	-0.109246259310978	0.634207016338209	0.909203339807075
peak163	-0.0117753209280644	0.645019727863132	0.909203339807075
peak178	0.0542159068875931	0.645019727863132	0.909203339807075
peak220	0.023981988719679	0.634207016338209	0.909203339807075
peak286	0.0239465473904953	0.645019727863132	0.909203339807075
peak49	0.0588062711793472	0.645019727863132	0.909203339807075
peak519	0.00755053098847535	0.634207016338209	0.909203339807075
peak530	-0.0542656194976977	0.645019727863132	0.909203339807075
peak68	0.0568147024518969	0.645019727863132	0.909203339807075
peak92	0.0484672571121777	0.645019727863132	0.909203339807075
peak308	0.201928563336483	0.655906850086204	0.914817448804442
peak458	0.0791052758026734	0.655906850086204	0.914817448804442
peak55	-0.0712360787634134	0.655906850086204	0.914817448804442
peak56	-0.0162757412658173	0.655906850086204	0.914817448804442
peak309	0.0722346366105158	0.666866420339198	0.920414590572331
peak328	-0.692683386677122	0.666866420339198	0.920414590572331
peak478	-0.455788268299454	0.666866420339198	0.920414590572331
peak489	0.319581904792365	0.666866420339198	0.920414590572331
peak105	0.112019024357049	0.677896431180711	0.921243868014812
peak382	0.352669187234676	0.677896431180711	0.921243868014812
peak434	-0.107302404849436	0.677896431180711	0.921243868014812
peak490	0.00936680295877723	0.677896431180711	0.921243868014812
peak65	-0.0769126618578101	0.677896431180711	0.921243868014812
peak99	-0.0818359192559033	0.677896431180711	0.921243868014812
peak491	0.0644010239991913	0.688994831270937	0.931549134116318
peak524	-0.0218288312695295	0.688994831270937	0.931549134116318
peak100	-0.247496626826832	0.711388381703317	0.937900105230741
peak114	0.150100986762986	0.711388381703317	0.937900105230741
peak237	0.104370810173256	0.700159526650643	0.937900105230741
peak254	0.572039711896911	0.700159526650643	0.937900105230741
peak272	0.0838444221663478	0.700159526650643	0.937900105230741
peak311	0.0102476273678365	0.711388381703317	0.937900105230741
peak446	-0.362050988665793	0.711388381703317	0.937900105230741
peak511	-0.031400820717008	0.711388381703317	0.937900105230741
peak54	-0.252689869351866	0.711388381703317	0.937900105230741
peak62	0.0860947526880812	0.711388381703317	0.937900105230741
peak395	-0.187020560284555	0.722679220521359	0.945728362657582
peak435	-3.77752368655917e-05	0.722679220521359	0.945728362657582
peak497	-0.0497571789641083	0.722679220521359	0.945728362657582
peak108	0.154235736117139	0.734029827951016	0.953519139250094
peak193	-0.103546464487862	0.734029827951016	0.953519139250094
peak509	-0.0146296711605148	0.734029827951016	0.953519139250094
peak245	0.184642505158634	0.745437951041837	0.961270350491907
peak494	0.0770488448720876	0.745437951041837	0.961270350491907
peak513	-0.278363063933695	0.745437951041837	0.961270350491907
peak112	-0.108325990880563	0.768417550567334	0.965868462764821
peak143	0.148420305702425	0.779984343515742	0.965868462764821
peak161	0.0263133257324305	0.768417550567334	0.965868462764821
peak181	0.10876467843741	0.768417550567334	0.965868462764821
peak219	0.0120451561551516	0.756901300170349	0.965868462764821
peak227	-0.0806354826442435	0.779984343515742	0.965868462764821
peak287	0.0974185633673202	0.779984343515742	0.965868462764821
peak295	0.190623522657034	0.768417550567334	0.965868462764821
peak336	-0.146207836771463	0.756901300170349	0.965868462764821
peak361	0.144712469844458	0.779984343515742	0.965868462764821
peak415	-0.0308435046302297	0.768417550567334	0.965868462764821
peak42	0.0439207239621522	0.779984343515742	0.965868462764821
peak469	-0.0125295340409408	0.779984343515742	0.965868462764821
peak476	0.00423340051996631	0.779984343515742	0.965868462764821
peak479	-2.02942061309338	0.756901300170349	0.965868462764821
peak486	-0.0997807240222326	0.768417550567334	0.965868462764821
peak495	0.00753683200912256	0.756901300170349	0.965868462764821
peak150	0.0057761316577501	0.791599287950947	0.967563135716552
peak174	0.098311982599552	0.803259961726949	0.967563135716552
peak189	0.0122428968241663	0.803259961726949	0.967563135716552
peak221	-0.0386824238931066	0.803259961726949	0.967563135716552
peak303	-0.0496868177759481	0.803259961726949	0.967563135716552
peak332	-0.0603768855744784	0.803259961726949	0.967563135716552
peak340	-0.0533211541049943	0.803259961726949	0.967563135716552
peak352	-0.00342333043676976	0.803259961726949	0.967563135716552
peak407	0.0522625027340605	0.803259961726949	0.967563135716552
peak438	-0.0448069861958845	0.791599287950947	0.967563135716552
peak457	-0.0814799882258858	0.803259961726949	0.967563135716552
peak95	0.0528401029864762	0.791599287950947	0.967563135716552
peak247	-0.161178708456226	0.814963913284317	0.970631177619524
peak362	0.21250694862313	0.814963913284317	0.970631177619524
peak436	0.0579917579287526	0.814963913284317	0.970631177619524
peak48	0.0933087473291037	0.814963913284317	0.970631177619524
peak72	0.138344038941566	0.814963913284317	0.970631177619524
peak232	-0.046808673162043	0.826708662979379	0.97152015826845
peak31	-0.00268059988598574	0.826708662979379	0.97152015826845
peak400	-0.0444266819732286	0.826708662979379	0.97152015826845
peak440	0.00582002042505801	0.826708662979379	0.97152015826845
peak454	-0.0614252552436377	0.826708662979379	0.97152015826845
peak471	0.0877811519854708	0.826708662979379	0.97152015826845
peak102	-0.0562505691175443	0.850310507817901	0.9752503879162
peak109	0.172752082187005	0.8740451589815	0.9752503879162
peak132	-0.044503499677725	0.8740451589815	0.9752503879162
peak154	0.0717737351771614	0.86216251784094	0.9752503879162
peak170	0.0495661909278327	0.86216251784094	0.9752503879162
peak197	-0.00222731646451305	0.850310507817901	0.9752503879162
peak216	-0.0429924155103177	0.86216251784094	0.9752503879162
peak249	-0.0775793937932913	0.8740451589815	0.9752503879162
peak263	0.482981526721537	0.850310507817901	0.9752503879162
peak268	-0.363049436935259	0.86216251784094	0.9752503879162
peak291	-0.107831009669452	0.8740451589815	0.9752503879162
peak294	-0.065659316207116	0.86216251784094	0.9752503879162
peak299	-0.0189434806289141	0.86216251784094	0.9752503879162
peak314	-0.208039575624852	0.850310507817901	0.9752503879162
peak37	-0.0960954024712532	0.850310507817901	0.9752503879162
peak376	0.0477263471481948	0.838491704813166	0.9752503879162
peak39	-0.0869454423168576	0.86216251784094	0.9752503879162
peak421	-0.1209063035394	0.838491704813166	0.9752503879162
peak464	-0.107547975499073	0.8740451589815	0.9752503879162
peak474	-0.338712061457855	0.86216251784094	0.9752503879162
peak475	-0.25383658249293	0.8740451589815	0.9752503879162
peak499	-0.0160774175023746	0.8740451589815	0.9752503879162
peak50	0.107417275215463	0.850310507817901	0.9752503879162
peak522	-0.152172994678027	0.850310507817901	0.9752503879162
peak41	-0.066836610767684	0.885955835423282	0.986463430198192
peak19	-0.0509150792038893	0.897891932915131	0.987308556939875
peak203	0.0714090946470245	0.897891932915131	0.987308556939875
peak24	0.00518742795979216	0.897891932915131	0.987308556939875
peak253	0.16392778511109	0.897891932915131	0.987308556939875
peak33	0.00371866770427238	0.897891932915131	0.987308556939875
peak67	0.0287115788497709	0.897891932915131	0.987308556939875
peak103	0.041653831864991	0.921829852756413	0.989007736762953
peak116	-0.0145284533963042	0.909850820644689	0.989007736762953
peak136	0.00231902386476445	0.909850820644689	0.989007736762953
peak172	0.0675876702988166	0.921829852756413	0.989007736762953
peak194	0.0269780843229789	0.921829852756413	0.989007736762953
peak207	0.0508842922485498	0.921829852756413	0.989007736762953
peak211	-0.27513039349487	0.909850820644689	0.989007736762953
peak326	0.0103143926909228	0.921829852756413	0.989007736762953
peak329	0.0301135924054462	0.909850820644689	0.989007736762953
peak333	0.00827846642027416	0.921829852756413	0.989007736762953
peak484	-1.68541022938535	0.921829852756413	0.989007736762953
peak493	-0.0899499177208126	0.921829852756413	0.989007736762953
peak317	0.160908824076286	0.933826370259424	0.991839631738467
peak34	-0.0540717430254704	0.933826370259424	0.991839631738467
peak347	-0.0201677128440632	0.933826370259424	0.991839631738467
peak418	0.0532009610055158	0.933826370259424	0.991839631738467
peak87	-0.0494388639573944	0.933826370259424	0.991839631738467
peak130	0.035915252718757	0.969894082635725	0.992362671422653
peak14	-0.0113759676458052	0.969894082635725	0.992362671422653
peak148	-0.0338930212468766	0.957861169471871	0.992362671422653
peak153	0.0985311374298607	0.945837702575062	0.992362671422653
peak183	0.0925247801316959	0.945837702575062	0.992362671422653
peak205	0.106415990296911	0.945837702575062	0.992362671422653
peak213	0.00130678428480215	0.969894082635725	0.992362671422653
peak277	-0.0223568402812995	0.957861169471871	0.992362671422653
peak371	-0.0976490371861708	0.957861169471871	0.992362671422653
peak394	0.036940315856017	0.969894082635725	0.992362671422653
peak427	0.029829547250339	0.969894082635725	0.992362671422653
peak44	-0.000952777830403988	0.969894082635725	0.992362671422653
peak459	0.129923263535132	0.945837702575062	0.992362671422653
peak46	-0.79402568904403	0.969894082635725	0.992362671422653
peak468	0.130981688769994	0.969894082635725	0.992362671422653
peak518	-0.0361256428791802	0.945837702575062	0.992362671422653
peak6	0.0479775373255225	0.957861169471871	0.992362671422653
peak64	0.0661065854341982	0.957861169471871	0.992362671422653
peak74	-0.0886917093906059	0.969894082635725	0.992362671422653
peak140	0.0901939172852867	0.981933747623729	0.993177263817894
peak273	-0.137574086041078	0.981933747623729	0.993177263817894
peak276	-0.0291793787446643	0.981933747623729	0.993177263817894
peak280	0.0163980562145196	0.981933747623729	0.993177263817894
peak298	-0.0278180709934521	0.981933747623729	0.993177263817894
peak83	0.118140280273164	0.981933747623729	0.993177263817894
peak196	-0.215353294455032	0.993977465449806	0.997742531606813
peak201	0.0979110441736071	0.993977465449806	0.997742531606813
peak349	-0.0426066440142565	0.993977465449805	0.997742531606813
peak523	0.0996482371089642	0.993977465449806	0.997742531606813
peak226	-0.0310075010098504	1	1
peak388	0.0800925261419511	1	1
