Term	Overlap	P.value	Adjusted.P.value	Old.P.value	Old.Adjusted.P.value	Odds.Ratio	Combined.Score	Genes
IRS-related Events Triggered By IGF1R R-HSA-2428928	3/51	0.00188874199012929	0.177550253415264	0	0	13.3440860215054	83.6920296554349	KL;IRS4;FGF4
IGF1R Signaling Cascade R-HSA-2428924	3/52	0.00199745525261446	0.177550253415264	0	0	13.0710994075049	81.2484021457959	KL;IRS4;FGF4
Signaling By Type 1 Insulin-like Growth Factor 1 Receptor (IGF1R) R-HSA-2404192	3/53	0.00210998996753	0.177550253415264	0	0	12.8090322580645	78.9173710967884	KL;IRS4;FGF4
Phospholipase C-mediated Cascade: FGFR1 R-HSA-5654219	2/16	0.00261873530111009	0.177550253415264	0	0	30.2279635258359	179.707171319786	KL;FGF4
FGFR1 Ligand Binding And Activation R-HSA-190242	2/16	0.00261873530111009	0.177550253415264	0	0	30.2279635258359	179.707171319786	KL;FGF4
SHC-mediated cascade:FGFR1 R-HSA-5654688	2/20	0.00409489722109075	0.209654153217383	0	0	23.5059101654846	129.235815195301	KL;FGF4
PI-3K cascade:FGFR1 R-HSA-5654689	2/21	0.00451184994179073	0.209654153217383	0	0	22.2676371780515	120.268577755643	KL;FGF4
FRS-mediated FGFR1 Signaling R-HSA-5654693	2/22	0.00494759063639843	0.209654153217383	0	0	21.1531914893617	112.299217118417	KL;FGF4
Downstream Signaling Of Activated FGFR1 R-HSA-5654687	2/30	0.00908782348585203	0.308077216170384	0	0	15.1033434650456	70.9980966102698	KL;FGF4
FGFR1 Mutant Receptor Activation R-HSA-1839124	2/30	0.00908782348585203	0.308077216170384	0	0	15.1033434650456	70.9980966102698	CUX1;FGF4
Negative Regulation Of FGFR1 Signaling R-HSA-5654726	2/33	0.0109284466127731	0.336794854702733	0	0	13.6396705559369	61.602018620944	KL;FGF4
Signaling By FGFR1 In Disease R-HSA-5655302	2/36	0.0129188360685873	0.33802505945369	0	0	12.4342928660826	54.0775960524003	CUX1;FGF4
RND1 GTPase Cycle R-HSA-9696273	2/42	0.0173306971443836	0.33802505945369	0	0	10.5659574468085	42.8478731064877	STMN2;MUC13
PI3K Cascade R-HSA-109704	2/44	0.0189242213416379	0.33802505945369	0	0	10.0618034447822	39.9183198361125	KL;FGF4
IRS-mediated Signaling R-HSA-112399	2/47	0.0214253206888575	0.33802505945369	0	0	9.38959810874704	36.0859329987409	KL;FGF4
Signaling By FGFR1 R-HSA-5654736	2/49	0.0231647687999635	0.33802505945369	0	0	8.98913535536442	33.845197946064	KL;FGF4
Netrin-1 Signaling R-HSA-373752	2/49	0.0231647687999635	0.33802505945369	0	0	8.98913535536442	33.845197946064	UNC5D;PTK2
MECP2 Regulates Transcription Factors R-HSA-9022707	1/5	0.0237728924186839	0.33802505945369	0	0	52.3684210526316	195.81648814875	PPARG
Insulin Receptor Signaling Cascade R-HSA-74751	2/53	0.0268110563829108	0.33802505945369	0	0	8.28243637880684	29.9736479694775	KL;FGF4
Nuclear Receptor Transcription Pathway R-HSA-383280	2/53	0.0268110563829108	0.33802505945369	0	0	8.28243637880684	29.9736479694775	PPARG;NR0B1
Vitamins R-HSA-211916	1/6	0.0284599375217657	0.33802505945369	0	0	41.8926315789474	149.106679129285	CYP26B1
GABA Receptor Activation R-HSA-977443	2/59	0.032681046976022	0.33802505945369	0	0	7.40836132885405	25.3437075662971	GABRA2;GABRA3
Developmental Biology R-HSA-1266738	10/1073	0.0330207380872726	0.33802505945369	0	0	2.06097267496554	7.02919356948554	ROBO2;MED11;WT1;RPLP2;HOXB3;HOXC4;PPARG;UNC5D;MMP9;PTK2
Signaling By MAPK Mutants R-HSA-9652817	1/7	0.033124714124782	0.33802505945369	0	0	34.9087719298246	118.950789446359	DUSP9
Transcriptional Regulation By MECP2 R-HSA-8986944	2/60	0.0337042395194037	0.33802505945369	0	0	7.28026412325752	24.6810538084052	FOXG1;PPARG
Regulation Of PTEN Gene Transcription R-HSA-8943724	2/61	0.034739869150517	0.33802505945369	0	0	7.15650919581681	24.044921119772	RPTOR;PPARG
Signaling By FGFR In Disease R-HSA-1226099	2/61	0.034739869150517	0.33802505945369	0	0	7.15650919581681	24.044921119772	CUX1;FGF4
Synthesis Of PG R-HSA-1483148	1/8	0.0377673265742596	0.33802505945369	0	0	29.9203007518797	98.0282082771779	PLD3
ROBO Receptors Bind AKAP5 R-HSA-9010642	1/8	0.0377673265742596	0.33802505945369	0	0	29.9203007518797	98.0282082771779	ROBO2
Netrin Mediated Repulsion Signals R-HSA-418886	1/8	0.0377673265742596	0.33802505945369	0	0	29.9203007518797	98.0282082771779	UNC5D
PIP3 Activates AKT Signaling R-HSA-1257604	4/268	0.0402169513227044	0.33802505945369	0	0	3.23451910408432	10.394019423541	RPTOR;KL;PPARG;FGF4
RAF/MAP Kinase Cascade R-HSA-5673001	4/271	0.0416122814539408	0.33802505945369	0	0	3.19768767301742	10.1666000499398	KL;DUSP9;PTK2;FGF4
Phase 3 - Rapid Repolarisation R-HSA-5576890	1/9	0.0423878788402831	0.33802505945369	0	0	26.1789473684211	82.7488471391098	KCNH2
Regulation Of Commissural Axon Pathfinding By SLIT And ROBO R-HSA-428542	1/9	0.0423878788402831	0.33802505945369	0	0	26.1789473684211	82.7488471391098	ROBO2
MAPK1/MAPK3 Signaling R-HSA-5684996	4/277	0.0444848269076199	0.33802505945369	0	0	3.12645325688804	9.73142065623457	KL;DUSP9;PTK2;FGF4
Extra-nuclear Estrogen Signaling R-HSA-9009391	2/73	0.0480874899858186	0.33802505945369	0	0	5.94336230146838	18.0365190097272	MMP9;PTK2
Pyrimidine Salvage R-HSA-73614	1/11	0.0515632165556115	0.33802505945369	0	0	20.9410526315789	62.0891052745582	UCK2
Serotonin Receptors R-HSA-390666	1/11	0.0515632165556115	0.33802505945369	0	0	20.9410526315789	62.0891052745582	HTR2C
Signaling By Activated Point Mutants Of FGFR1 R-HSA-1839122	1/11	0.0515632165556115	0.33802505945369	0	0	20.9410526315789	62.0891052745582	FGF4
Signaling By Insulin Receptor R-HSA-74752	2/77	0.0528900558601742	0.33802505945369	0	0	5.62524822695035	16.5356418228624	KL;FGF4
Diseases Of Signal Transduction By Growth Factor Receptors And Second Messengers R-HSA-5663202	5/424	0.0534803870103028	0.33802505945369	0	0	2.55514175561908	7.48258006440877	NEURL1B;KL;CUX1;DUSP9;FGF4
Constitutive Signaling By Aberrant PI3K In Cancer R-HSA-2219530	2/78	0.0541164827852108	0.33802505945369	0	0	5.55095184770437	16.1899975664178	KL;FGF4
FGFR3 Mutant Receptor Activation R-HSA-2033514	1/12	0.0561182077718237	0.33802505945369	0	0	19.0363636363636	54.8303422366207	FGF4
TP53 Regulates Transcription Of Death Receptors And Ligands R-HSA-6803211	1/12	0.0561182077718237	0.33802505945369	0	0	19.0363636363636	54.8303422366207	TMEM219
FGFR1c Ligand Binding And Activation R-HSA-190373	1/12	0.0561182077718237	0.33802505945369	0	0	19.0363636363636	54.8303422366207	FGF4
Intracellular Signaling By Second Messengers R-HSA-9006925	4/306	0.0599020638350693	0.33802505945369	0	0	2.82205585948747	7.94421231734832	RPTOR;KL;PPARG;FGF4
FGFR2c Ligand Binding And Activation R-HSA-190375	1/13	0.0606515503312197	0.33802505945369	0	0	17.4491228070175	48.9030875007602	FGF4
FGFR3 Ligand Binding And Activation R-HSA-190239	1/13	0.0606515503312197	0.33802505945369	0	0	17.4491228070175	48.9030875007602	FGF4
FGFRL1 Modulation Of FGFR1 Signaling R-HSA-5658623	1/13	0.0606515503312197	0.33802505945369	0	0	17.4491228070175	48.9030875007602	FGF4
Phospholipase C-mediated Cascade; FGFR3 R-HSA-5654227	1/13	0.0606515503312197	0.33802505945369	0	0	17.4491228070175	48.9030875007602	FGF4
Transcriptional Regulation Of Testis Differentiation R-HSA-9690406	1/13	0.0606515503312197	0.33802505945369	0	0	17.4491228070175	48.9030875007602	WT1
Defective EXT1 Causes Exostoses 1, TRPS2 And CHDS R-HSA-3656253	1/13	0.0606515503312197	0.33802505945369	0	0	17.4491228070175	48.9030875007602	GPC6
Signal Regulatory Protein Family Interactions R-HSA-391160	1/13	0.0606515503312197	0.33802505945369	0	0	17.4491228070175	48.9030875007602	PTK2
Transcriptional Regulation Of White Adipocyte Differentiation R-HSA-381340	2/84	0.0616821665002104	0.33802505945369	0	0	5.14322781525688	14.327800507087	MED11;PPARG
Signaling By FGFR R-HSA-190236	2/86	0.0642800829883675	0.33802505945369	0	0	5.02026342451874	13.7781403143116	KL;FGF4
FGFR4 Ligand Binding And Activation R-HSA-190322	1/14	0.0651633459609098	0.33802505945369	0	0	16.1060728744939	43.9834003197661	FGF4
DCC Mediated Attractive Signaling R-HSA-418885	1/14	0.0651633459609098	0.33802505945369	0	0	16.1060728744939	43.9834003197661	PTK2
Fcgamma Receptor (FCGR) Dependent Phagocytosis R-HSA-2029480	2/87	0.0655927651616113	0.33802505945369	0	0	4.96095118898623	13.5150691008979	PLD3;PTK2
MAPK Family Signaling Cascades R-HSA-5683057	4/318	0.0670165479867094	0.33802505945369	0	0	2.71254500138466	7.33150923083311	KL;DUSP9;PTK2;FGF4
Chaperonin-mediated Protein Folding R-HSA-390466	2/90	0.0695843256413095	0.33802505945369	0	0	4.79110251450677	12.7693228076843	TUBB;RGS6
GRB2:SOS Provides Linkage To MAPK Signaling For Integrins R-HSA-354194	1/15	0.069653695963978	0.33802505945369	0	0	14.9548872180451	39.8431023762453	PTK2
Phospholipase C-mediated Cascade; FGFR4 R-HSA-5654228	1/15	0.069653695963978	0.33802505945369	0	0	14.9548872180451	39.8431023762453	FGF4
p130Cas Linkage To MAPK Signaling For Integrins R-HSA-372708	1/15	0.069653695963978	0.33802505945369	0	0	14.9548872180451	39.8431023762453	PTK2
Constitutive Signaling By NOTCH1 HD Domain Mutants R-HSA-2691232	1/15	0.069653695963978	0.33802505945369	0	0	14.9548872180451	39.8431023762453	NEURL1B
Activation Of HOX Genes During Differentiation R-HSA-5619507	2/91	0.0709323050351309	0.33802505945369	0	0	4.73703083911069	12.5343224283219	HOXB3;HOXC4
EPH-Ephrin Signaling R-HSA-2682334	2/91	0.0709323050351309	0.33802505945369	0	0	4.73703083911069	12.5343224283219	MMP9;PTK2
Protein Folding R-HSA-391251	2/96	0.077798130049243	0.33802505945369	0	0	4.48392937980987	11.4503319309674	TUBB;RGS6
Signal Transduction R-HSA-162582	17/2465	0.0779791394296961	0.33802505945369	0	0	1.53445850914205	3.91488537133127	ARHGEF10;KL;STMN2;IRS4;HTR2C;DUSP9;MMP9;PTK2;FGF4;RPTOR;NEURL1B;CYP26B1;GRM8;MUC13;F2RL1;PPARG;RGS6
FOXO-mediated Transcription Of Cell Cycle Genes R-HSA-9617828	1/17	0.0785704618658467	0.33802505945369	0	0	13.0842105263158	33.2830842167513	FOXG1
Activated Point Mutants Of FGFR2 R-HSA-2033519	1/17	0.0785704618658467	0.33802505945369	0	0	13.0842105263158	33.2830842167513	FGF4
Translocation Of ZAP-70 To Immunological Synapse R-HSA-202430	1/17	0.0785704618658467	0.33802505945369	0	0	13.0842105263158	33.2830842167513	HLA-DRB1
MET Activates PTK2 Signaling R-HSA-8874081	1/17	0.0785704618658467	0.33802505945369	0	0	13.0842105263158	33.2830842167513	PTK2
SHC-mediated cascade:FGFR3 R-HSA-5654704	1/17	0.0785704618658467	0.33802505945369	0	0	13.0842105263158	33.2830842167513	FGF4
Signaling By Cytosolic FGFR1 Fusion Mutants R-HSA-1839117	1/17	0.0785704618658467	0.33802505945369	0	0	13.0842105263158	33.2830842167513	CUX1
PI-3K cascade:FGFR3 R-HSA-5654710	1/18	0.0829970780395137	0.33802505945369	0	0	12.3139318885449	30.6487592488941	FGF4
Phospholipase C-mediated Cascade; FGFR2 R-HSA-5654221	1/18	0.0829970780395137	0.33802505945369	0	0	12.3139318885449	30.6487592488941	FGF4
Defective GALNT12 Causes CRCS1 R-HSA-5083636	1/18	0.0829970780395137	0.33802505945369	0	0	12.3139318885449	30.6487592488941	MUC13
Defective GALNT3 Causes HFTC R-HSA-5083625	1/18	0.0829970780395137	0.33802505945369	0	0	12.3139318885449	30.6487592488941	MUC13
FRS-mediated FGFR3 Signaling R-HSA-5654706	1/19	0.0874026490788467	0.33802505945369	0	0	11.6292397660819	28.3431283945933	FGF4
Defective C1GALT1C1 Causes TNPS R-HSA-5083632	1/19	0.0874026490788467	0.33802505945369	0	0	11.6292397660819	28.3431283945933	MUC13
SHC-mediated cascade:FGFR4 R-HSA-5654719	1/19	0.0874026490788467	0.33802505945369	0	0	11.6292397660819	28.3431283945933	FGF4
Signaling By Receptor Tyrosine Kinases R-HSA-9006934	5/496	0.0904609654896288	0.33802505945369	0	0	2.17239990152414	5.21992251867502	KL;IRS4;MMP9;PTK2;FGF4
PI3K/AKT Signaling In Cancer R-HSA-2219528	2/105	0.0906515888236482	0.33802505945369	0	0	4.09027060524685	9.81964277365948	KL;FGF4
PI-3K cascade:FGFR4 R-HSA-5654720	1/20	0.0917872740073592	0.33802505945369	0	0	11.016620498615	26.3107922330276	FGF4
Phosphorylation Of CD3 And TCR Zeta Chains R-HSA-202427	1/20	0.0917872740073592	0.33802505945369	0	0	11.016620498615	26.3107922330276	HLA-DRB1
Defective B3GALT6 Causes EDSP2 And SEMDJL1 R-HSA-4420332	1/20	0.0917872740073592	0.33802505945369	0	0	11.016620498615	26.3107922330276	GPC6
Defective B3GAT3 Causes JDSSDHD R-HSA-3560801	1/20	0.0917872740073592	0.33802505945369	0	0	11.016620498615	26.3107922330276	GPC6
Defective B4GALT7 Causes EDS, Progeroid Type R-HSA-3560783	1/20	0.0917872740073592	0.33802505945369	0	0	11.016620498615	26.3107922330276	GPC6
FGFR2 Ligand Binding And Activation R-HSA-190241	1/20	0.0917872740073592	0.33802505945369	0	0	11.016620498615	26.3107922330276	FGF4
PI5P, PP2A And IER3 Regulate PI3K/AKT Signaling R-HSA-6811558	2/106	0.0921164240671207	0.33802505945369	0	0	4.05073649754501	9.65979952028004	KL;FGF4
FRS-mediated FGFR4 Signaling R-HSA-5654712	1/21	0.0961510513071088	0.33802505945369	0	0	10.4652631578947	24.5079182180271	FGF4
PD-1 Signaling R-HSA-389948	1/21	0.0961510513071088	0.33802505945369	0	0	10.4652631578947	24.5079182180271	HLA-DRB1
HS-GAG Degradation R-HSA-2024096	1/21	0.0961510513071088	0.33802505945369	0	0	10.4652631578947	24.5079182180271	GPC6
VxPx Cargo-Targeting To Cilium R-HSA-5620916	1/21	0.0961510513071088	0.33802505945369	0	0	10.4652631578947	24.5079182180271	CNGA2
NOTCH2 Activation And Transmission Of Signal To Nucleus R-HSA-2979096	1/21	0.0961510513071088	0.33802505945369	0	0	10.4652631578947	24.5079182180271	NEURL1B
Signaling By FGFR3 In Disease R-HSA-5655332	1/21	0.0961510513071088	0.33802505945369	0	0	10.4652631578947	24.5079182180271	FGF4
RA Biosynthesis Pathway R-HSA-5365859	1/22	0.100494079072936	0.33802505945369	0	0	9.96641604010025	22.8994002764751	CYP26B1
SHC-mediated cascade:FGFR2 R-HSA-5654699	1/22	0.100494079072936	0.33802505945369	0	0	9.96641604010025	22.8994002764751	FGF4
Negative Regulation Of PI3K/AKT Network R-HSA-199418	2/113	0.102559766520666	0.33802505945369	0	0	3.79394287904926	8.63998239738106	KL;FGF4
Axon Guidance R-HSA-422475	5/519	0.104508060937097	0.33802505945369	0	0	2.07273271475606	4.68124833174431	ROBO2;RPLP2;UNC5D;MMP9;PTK2
Nucleotide Salvage R-HSA-8956321	1/23	0.104816454902684	0.33802505945369	0	0	9.51291866028708	21.4568114296548	UCK2
PI-3K cascade:FGFR2 R-HSA-5654695	1/23	0.104816454902684	0.33802505945369	0	0	9.51291866028708	21.4568114296548	FGF4
Post-chaperonin Tubulin Folding Pathway R-HSA-389977	1/23	0.104816454902684	0.33802505945369	0	0	9.51291866028708	21.4568114296548	TUBB
RAF-independent MAPK1/3 Activation R-HSA-112409	1/23	0.104816454902684	0.33802505945369	0	0	9.51291866028708	21.4568114296548	DUSP9
PPARA Activates Gene Expression R-HSA-1989781	2/116	0.107131709444166	0.33802505945369	0	0	3.69354236655468	8.25025181504599	MED11;PPARG
FRS-mediated FGFR2 Signaling R-HSA-5654700	1/24	0.109118275963612	0.33802505945369	0	0	9.09885583524027	20.1569035542602	FGF4
mTORC1-mediated Signaling R-HSA-166208	1/24	0.109118275963612	0.33802505945369	0	0	9.09885583524027	20.1569035542602	RPTOR
Downstream Signaling Of Activated FGFR3 R-HSA-5654708	1/24	0.109118275963612	0.33802505945369	0	0	9.09885583524027	20.1569035542602	FGF4
Estrogen-dependent Nuclear Events Downstream Of ESR-membrane Signaling R-HSA-9634638	1/24	0.109118275963612	0.33802505945369	0	0	9.09885583524027	20.1569035542602	PTK2
Regulation Of Lipid Metabolism By PPARalpha R-HSA-400206	2/118	0.110209870958969	0.33802505945369	0	0	3.62949376375642	8.00437235409038	MED11;PPARG
Glycosaminoglycan Metabolism R-HSA-1630316	2/120	0.113311340950809	0.33802505945369	0	0	3.56761630003606	7.76889840568967	CHST1;GPC6
Termination Of O-glycan Biosynthesis R-HSA-977068	1/25	0.113399638968481	0.33802505945369	0	0	8.71929824561403	18.9804916575847	MUC13
NOTCH3 Activation And Transmission Of Signal To Nucleus R-HSA-9013507	1/25	0.113399638968481	0.33802505945369	0	0	8.71929824561403	18.9804916575847	NEURL1B
Diseases Of Metabolism R-HSA-5668914	3/247	0.115883600154402	0.33802505945369	0	0	2.59915388683236	5.60161598348529	CYP26B1;MUC13;GPC6
GAG Synthesis Requires Tetrasaccharide Linker Sequence R-HSA-1971475	1/26	0.117660640163821	0.33802505945369	0	0	8.37010526315789	17.9116128577482	GPC6
Formation Of Tubulin Folding Intermediates By CCT/TriC R-HSA-389960	1/26	0.117660640163821	0.33802505945369	0	0	8.37010526315789	17.9116128577482	TUBB
Role Of Phospholipids In Phagocytosis R-HSA-2029485	1/26	0.117660640163821	0.33802505945369	0	0	8.37010526315789	17.9116128577482	PLD3
Downstream Signaling Of Activated FGFR4 R-HSA-5654716	1/26	0.117660640163821	0.33802505945369	0	0	8.37010526315789	17.9116128577482	FGF4
Nervous System Development R-HSA-9675108	5/545	0.121616301707509	0.342475220147315	0	0	1.97028897028897	4.15117081588409	ROBO2;RPLP2;UNC5D;MMP9;PTK2
Integrin Signaling R-HSA-354192	1/27	0.121901375379384	0.342475220147315	0	0	8.04777327935223	16.9368845963935	PTK2
Prefoldin Mediated Transfer Of Substrate To CCT/TriC R-HSA-389957	1/28	0.126121939976367	0.342475220147315	0	0	7.74931773879142	16.0450093579047	TUBB
Keratan Sulfate Biosynthesis R-HSA-2022854	1/28	0.126121939976367	0.342475220147315	0	0	7.74931773879142	16.0450093579047	CHST1
MET Promotes Cell Motility R-HSA-8875878	1/28	0.126121939976367	0.342475220147315	0	0	7.74931773879142	16.0450093579047	PTK2
Signaling By Nuclear Receptors R-HSA-9006931	3/260	0.129564360966674	0.342475220147315	0	0	2.46604744571357	5.03955913668567	CYP26B1;MMP9;PTK2
Dectin-2 Family R-HSA-5621480	1/29	0.130322428905615	0.342475220147315	0	0	7.47218045112782	15.2263884665744	MUC13
SUMOylation Of Intracellular Receptors R-HSA-4090294	1/29	0.130322428905615	0.342475220147315	0	0	7.47218045112782	15.2263884665744	PPARG
Downstream Signaling Of Activated FGFR2 R-HSA-5654696	1/29	0.130322428905615	0.342475220147315	0	0	7.47218045112782	15.2263884665744	FGF4
Negative Regulation Of FGFR3 Signaling R-HSA-5654732	1/29	0.130322428905615	0.342475220147315	0	0	7.47218045112782	15.2263884665744	FGF4
Energy Dependent Regulation Of mTOR By LKB1-AMPK R-HSA-380972	1/29	0.130322428905615	0.342475220147315	0	0	7.47218045112782	15.2263884665744	RPTOR
HS-GAG Biosynthesis R-HSA-2022928	1/30	0.134502936599339	0.3506723499468	0	0	7.21415607985481	14.472818068488	GPC6
Activated NOTCH1 Transmits Signal To Nucleus R-HSA-2122948	1/31	0.13866355715087	0.3506723499468	0	0	6.97333333333333	13.7772476647114	NEURL1B
Regulation Of MECP2 Expression And Activity R-HSA-9022692	1/31	0.13866355715087	0.3506723499468	0	0	6.97333333333333	13.7772476647114	FOXG1
Sealing Of Nuclear Envelope (NE) By ESCRT-III R-HSA-9668328	1/31	0.13866355715087	0.3506723499468	0	0	6.97333333333333	13.7772476647114	TUBB
Negative Regulation Of FGFR4 Signaling R-HSA-5654733	1/31	0.13866355715087	0.3506723499468	0	0	6.97333333333333	13.7772476647114	FGF4
Generation Of Second Messenger Molecules R-HSA-202433	1/32	0.142804384168132	0.3506723499468	0	0	6.74804753820034	13.1335867781803	HLA-DRB1
Signaling By NOTCH2 R-HSA-1980145	1/32	0.142804384168132	0.3506723499468	0	0	6.74804753820034	13.1335867781803	NEURL1B
PTEN Regulation R-HSA-6807070	2/139	0.143805310483839	0.3506723499468	0	0	3.06988662835844	5.9534154964617	RPTOR;PPARG
FGFR2 Mutant Receptor Activation R-HSA-1839126	1/33	0.1469255107829	0.3506723499468	0	0	6.53684210526316	12.5365489531719	FGF4
Activation Of Matrix Metalloproteinases R-HSA-1592389	1/33	0.1469255107829	0.3506723499468	0	0	6.53684210526316	12.5365489531719	MMP9
Amino Acid Transport Across Plasma Membrane R-HSA-352230	1/33	0.1469255107829	0.3506723499468	0	0	6.53684210526316	12.5365489531719	SLC36A1
Keratan Sulfate/Keratin Metabolism R-HSA-1638074	1/33	0.1469255107829	0.3506723499468	0	0	6.53684210526316	12.5365489531719	CHST1
Cooperation Of Prefoldin And TriC/CCT In Actin And Tubulin Folding R-HSA-389958	1/33	0.1469255107829	0.3506723499468	0	0	6.53684210526316	12.5365489531719	TUBB
Diseases Of Glycosylation R-HSA-3781865	2/143	0.150431127133815	0.3506723499468	0	0	2.98219405462502	5.64902086894395	MUC13;GPC6
Metabolic Disorders Of Biological Oxidation Enzymes R-HSA-5579029	1/34	0.151027029770598	0.3506723499468	0	0	6.3384370015949	11.9815249822075	CYP26B1
EPHB-mediated Forward Signaling R-HSA-3928662	1/34	0.151027029770598	0.3506723499468	0	0	6.3384370015949	11.9815249822075	PTK2
Negative Regulation Of FGFR2 Signaling R-HSA-5654727	1/34	0.151027029770598	0.3506723499468	0	0	6.3384370015949	11.9815249822075	FGF4
Platelet Aggregation (Plug Formation) R-HSA-76009	1/36	0.159171613628531	0.362142127651491	0	0	5.97563909774436	10.9818641748964	PTK2
HSF1-dependent Transactivation R-HSA-3371571	1/36	0.159171613628531	0.362142127651491	0	0	5.97563909774436	10.9818641748964	RPTOR
RHO GTPases Activate WASPs And WAVEs R-HSA-5663213	1/36	0.159171613628531	0.362142127651491	0	0	5.97563909774436	10.9818641748964	PTK2
Cooperation Of PDCL (PhLP1) And TRiC/CCT In G-protein Beta Folding R-HSA-6814122	1/37	0.163214861842966	0.366422769303082	0	0	5.8093567251462	10.5305499185177	RGS6
Early SARS-CoV-2 Infection Events R-HSA-9772572	1/37	0.163214861842966	0.366422769303082	0	0	5.8093567251462	10.5305499185177	GPC6
Apoptotic Cleavage Of Cellular Proteins R-HSA-111465	1/38	0.167238869060356	0.367372281898215	0	0	5.65206258890469	10.1077651561587	PTK2
Cellular Response To Starvation R-HSA-9711097	2/153	0.167250337750905	0.367372281898215	0	0	2.78328871354093	4.97725378488317	RPTOR;RPLP2
Signaling By FGFR3 R-HSA-5654741	1/39	0.171243725912906	0.367372281898215	0	0	5.50304709141274	9.71104802033864	FGF4
Amine Ligand-Binding Receptors R-HSA-375280	1/40	0.175229522570842	0.367372281898215	0	0	5.36167341430499	9.33820464914985	HTR2C
Class C/3 (Metabotropic Glutamate/Pheromone Receptors) R-HSA-420499	1/40	0.175229522570842	0.367372281898215	0	0	5.36167341430499	9.33820464914985	GRM8
Collagen Degradation R-HSA-1442490	1/40	0.175229522570842	0.367372281898215	0	0	5.36167341430499	9.33820464914985	MMP9
Diseases Associated With Glycosaminoglycan Metabolism R-HSA-3560782	1/40	0.175229522570842	0.367372281898215	0	0	5.36167341430499	9.33820464914985	GPC6
Signaling By FGFR4 R-HSA-5654743	1/40	0.175229522570842	0.367372281898215	0	0	5.36167341430499	9.33820464914985	FGF4
GPCR Downstream Signaling R-HSA-388396	5/619	0.176767758683413	0.367372281898215	0	0	1.7262053907005	2.99137326635008	ARHGEF10;GRM8;HTR2C;F2RL1;RGS6
Carboxyterminal Post-Translational Modifications Of Tubulin R-HSA-8955332	1/41	0.17919634880774	0.367372281898215	0	0	5.22736842105263	8.98727419032195	TUBB
MTOR Signaling R-HSA-165159	1/41	0.17919634880774	0.367372281898215	0	0	5.22736842105263	8.98727419032195	RPTOR
Negative Regulation Of MAPK Pathway R-HSA-5675221	1/41	0.17919634880774	0.367372281898215	0	0	5.22736842105263	8.98727419032195	DUSP9
Signaling By Retinoic Acid R-HSA-5362517	1/41	0.17919634880774	0.367372281898215	0	0	5.22736842105263	8.98727419032195	CYP26B1
RND3 GTPase Cycle R-HSA-9696264	1/42	0.183144293925659	0.367372281898215	0	0	5.09961489088575	8.65649910635914	MUC13
Intra-Golgi Traffic R-HSA-6811438	1/42	0.183144293925659	0.367372281898215	0	0	5.09961489088575	8.65649910635914	CUX1
tRNA Modification In Nucleus And Cytosol R-HSA-6782315	1/42	0.183144293925659	0.367372281898215	0	0	5.09961489088575	8.65649910635914	LAGE3
Signaling By FGFR2 In Disease R-HSA-5655253	1/42	0.183144293925659	0.367372281898215	0	0	5.09961489088575	8.65649910635914	FGF4
Signaling By SCF-KIT R-HSA-1433557	1/42	0.183144293925659	0.367372281898215	0	0	5.09961489088575	8.65649910635914	MMP9
RND2 GTPase Cycle R-HSA-9696270	1/43	0.187073446888762	0.368708712181921	0	0	4.97794486215539	8.34429986315675	MUC13
Voltage Gated Potassium Channels R-HSA-1296072	1/43	0.187073446888762	0.368708712181921	0	0	4.97794486215539	8.34429986315675	KCNH2
Retinoid Metabolism And Transport R-HSA-975634	1/43	0.187073446888762	0.368708712181921	0	0	4.97794486215539	8.34429986315675	GPC6
TP53 Regulates Transcription Of Cell Death Genes R-HSA-5633008	1/44	0.190983896201748	0.372704567729794	0	0	4.86193390452876	8.0492532812989	TMEM219
Regulation Of Expression Of SLITs And ROBOs R-HSA-9010553	2/167	0.191299689631222	0.372704567729794	0	0	2.54532559638943	4.20974970194891	ROBO2;RPLP2
Metabolism Of Fat-Soluble Vitamins R-HSA-6806667	1/47	0.20260390111696	0.392472699877997	0	0	4.5441647597254	7.25477009070381	GPC6
Disease R-HSA-1643685	11/1736	0.20968132473596	0.400436431018739	0	0	1.36381244671782	2.1305019830191	NEURL1B;KL;CYP26B1;CUX1;TUBB;RPLP2;MUC13;DUSP9;GPC6;PTK2;FGF4
EPH-ephrin Mediated Repulsion Of Cells R-HSA-3928665	1/49	0.21025865699509	0.400436431018739	0	0	4.35438596491228	6.79030265440122	MMP9
Signaling By NOTCH3 R-HSA-9012852	1/49	0.21025865699509	0.400436431018739	0	0	4.35438596491228	6.79030265440122	NEURL1B
Cargo Trafficking To Periciliary Membrane R-HSA-5620920	1/50	0.214058720124535	0.40091660841004	0	0	4.26530612244898	6.57499032398412	CNGA2
Chondroitin Sulfate/Dermatan Sulfate Metabolism R-HSA-1793185	1/50	0.214058720124535	0.40091660841004	0	0	4.26530612244898	6.57499032398412	GPC6
Regulation Of Ornithine Decarboxylase (ODC) R-HSA-350562	1/50	0.214058720124535	0.40091660841004	0	0	4.26530612244898	6.57499032398412	AZIN1
Neurotransmitter Receptors And Postsynaptic Signal Transmission R-HSA-112314	2/182	0.21753813035952	0.405194649405919	0	0	2.33144208037825	3.55633775934238	GABRA2;GABRA3
Apoptotic Execution Phase R-HSA-75153	1/52	0.221604645104967	0.410513522899365	0	0	4.09762641898865	6.17455083177755	PTK2
Cilium Assembly R-HSA-5617833	2/186	0.224593232878477	0.412939889345015	0	0	2.28029602220167	3.4055408548939	TUBB;CNGA2
Heparan Sulfate/Heparin (HS-GAG) Metabolism R-HSA-1638091	1/53	0.225350677076188	0.412939889345015	0	0	4.01862348178138	5.98814090529979	GPC6
ESR-mediated Signaling R-HSA-8939211	2/188	0.228127724524431	0.415781175342914	0	0	2.25554792953558	3.3333606316001	MMP9;PTK2
Amino Acids Regulate mTORC1 R-HSA-9639288	1/55	0.232789302346206	0.419763688805128	0	0	3.86939571150097	5.6401144441697	RPTOR
ECM Proteoglycans R-HSA-3000178	1/55	0.232789302346206	0.419763688805128	0	0	3.86939571150097	5.6401144441697	TNXB
Signaling By GPCR R-HSA-372790	5/689	0.236140973087636	0.42355444379211	0	0	1.54392391234497	2.22838600132395	ARHGEF10;GRM8;HTR2C;F2RL1;RGS6
Assembly Of Collagen Fibrils And Other Multimeric Structures R-HSA-2022090	1/57	0.240157234640231	0.424027617411658	0	0	3.73082706766917	5.32188089843228	MMP9
NCAM Signaling For Neurite Out-Growth R-HSA-375165	1/57	0.240157234640231	0.424027617411658	0	0	3.73082706766917	5.32188089843228	PTK2
NRAGE Signals Death Thru JNK R-HSA-193648	1/57	0.240157234640231	0.424027617411658	0	0	3.73082706766917	5.32188089843228	ARHGEF10
Constitutive Signaling By NOTCH1 HD+PEST Domain Mutants R-HSA-2894862	1/58	0.243814898917578	0.426047684191026	0	0	3.665189289012	5.17285006846245	NEURL1B
Metabolism Of Polyamines R-HSA-351202	1/58	0.243814898917578	0.426047684191026	0	0	3.665189289012	5.17285006846245	AZIN1
O-linked Glycosylation Of Mucins R-HSA-913709	1/59	0.247455138759275	0.427996387956093	0	0	3.60181488203267	5.03002802527972	MUC13
Arachidonic Acid Metabolism R-HSA-2142753	1/59	0.247455138759275	0.427996387956093	0	0	3.60181488203267	5.03002802527972	FAAH2
Interferon Signaling R-HSA-913531	2/200	0.24940679099285	0.429182244398863	0	0	2.11755856436708	2.94059008712314	RSAD2;HLA-DRB1
FCGR3A-mediated Phagocytosis R-HSA-9664422	1/60	0.251078036313998	0.429876031870935	0	0	3.54058876003568	4.89306352364077	PTK2
Regulation Of Actin Dynamics For Phagocytic Cup Formation R-HSA-2029482	1/62	0.258272131188966	0.439971117955072	0	0	3.42415875754961	4.63542573698017	PTK2
Signaling By MET R-HSA-6806834	1/63	0.261843490894303	0.443824717065844	0	0	3.36876061120543	4.51416723602791	PTK2
Signaling By ROBO Receptors R-HSA-376176	2/209	0.265413335971627	0.447637417384983	0	0	2.02456573131874	2.68551944925289	ROBO2;RPLP2
FOXO-mediated Transcription R-HSA-9614085	1/65	0.268935237814291	0.449108599108595	0	0	3.26315789473684	4.28545527153116	FOXG1
Cytochrome P450 - Arranged By Substrate Type R-HSA-211897	1/65	0.268935237814291	0.449108599108595	0	0	3.26315789473684	4.28545527153116	CYP26B1
G Alpha (Q) Signaling Events R-HSA-416476	2/212	0.270751504597491	0.449925294404653	0	0	1.99533941236069	2.60701836328138	HTR2C;F2RL1
Costimulation By CD28 Family R-HSA-388841	1/68	0.279446625091534	0.456920449379734	0	0	3.11657501963865	3.97345852929614	HLA-DRB1
RHOB GTPase Cycle R-HSA-9013026	1/69	0.282917075565896	0.456920449379734	0	0	3.07058823529412	3.87692913821259	ARHGEF10
Circadian Clock R-HSA-400253	1/69	0.282917075565896	0.456920449379734	0	0	3.07058823529412	3.87692913821259	NFIL3
Loss Of Nlp From Mitotic Centrosomes R-HSA-380259	1/69	0.282917075565896	0.456920449379734	0	0	3.07058823529412	3.87692913821259	TUBB
Diseases Associated With O-glycosylation Of Proteins R-HSA-3906995	1/69	0.282917075565896	0.456920449379734	0	0	3.07058823529412	3.87692913821259	MUC13
Neuronal System R-HSA-112316	3/386	0.283048065987446	0.456920449379734	0	0	1.64415059378422	2.07514584852863	KCNH2;GABRA2;GABRA3
AURKA Activation By TPX2 R-HSA-8854518	1/72	0.293229488388385	0.466689185744894	0	0	2.94040029651594	3.60728231842229	TUBB
Interferon Alpha/Beta Signaling R-HSA-909733	1/72	0.293229488388385	0.466689185744894	0	0	2.94040029651594	3.60728231842229	RSAD2
Signaling By FGFR2 R-HSA-5654738	1/72	0.293229488388385	0.466689185744894	0	0	2.94040029651594	3.60728231842229	FGF4
RHOC GTPase Cycle R-HSA-9013106	1/73	0.296634238686803	0.46990190147115	0	0	2.89941520467836	3.52353003853463	ARHGEF10
Cell Death Signaling Via NRAGE, NRIF And NADE R-HSA-204998	1/74	0.300022757151615	0.470869049418506	0	0	2.85955299206921	3.44260712560385	ARHGEF10
Signaling By NOTCH1 R-HSA-1980143	1/74	0.300022757151615	0.470869049418506	0	0	2.85955299206921	3.44260712560385	NEURL1B
Nuclear Envelope (NE) Reassembly R-HSA-2995410	1/75	0.303395120396658	0.473967492232568	0	0	2.82076813655761	3.36438458394582	TUBB
Oncogenic MAPK Signaling R-HSA-6802957	1/78	0.313416039085807	0.485150855023236	0	0	2.71045796308954	3.14473776364498	DUSP9
G Alpha (12/13) Signaling Events R-HSA-416482	1/78	0.313416039085807	0.485150855023236	0	0	2.71045796308954	3.14473776364498	ARHGEF10
Recruitment Of NuMA To Mitotic Centrosomes R-HSA-380320	1/80	0.320017263171955	0.492010548774024	0	0	2.64157228514324	3.00975552106687	TUBB
TP53 Regulates Metabolic Genes R-HSA-5628897	1/81	0.323294283156366	0.492010548774024	0	0	2.60842105263158	2.94540890829074	RPTOR
Centrosome Maturation R-HSA-380287	1/81	0.323294283156366	0.492010548774024	0	0	2.60842105263158	2.94540890829074	TUBB
Mitochondrial Translation Elongation R-HSA-5389840	1/82	0.32655567396506	0.492010548774024	0	0	2.57608836907083	2.88304173379209	MRPL3
Mitochondrial Translation Initiation R-HSA-5368286	1/82	0.32655567396506	0.492010548774024	0	0	2.57608836907083	2.88304173379209	MRPL3
Mitochondrial Translation Termination R-HSA-5419276	1/82	0.32655567396506	0.492010548774024	0	0	2.57608836907083	2.88304173379209	MRPL3
Transmission Across Chemical Synapses R-HSA-112315	2/246	0.330972091571196	0.496458137356795	0	0	1.71433554237879	1.89557719195949	GABRA2;GABRA3
Peptide Chain Elongation R-HSA-156902	1/86	0.339446415751148	0.505760607597392	0	0	2.4543653250774	2.65179245256955	RPLP2
Regulation Of PLK1 Activity At G2/M Transition R-HSA-2565942	1/87	0.342630760349332	0.505760607597392	0	0	2.42570379436965	2.59817597233327	TUBB
Mitochondrial Translation R-HSA-5368287	1/88	0.345799913228033	0.505760607597392	0	0	2.39770114942529	2.54610675816232	MRPL3
Generic Transcription Pathway R-HSA-212436	7/1190	0.345924630573735	0.505760607597392	0	0	1.24466458347184	1.32125421999507	RPTOR;FOXG1;TMEM219;PPARG;ZNF425;NR0B1;ZNF135
Interferon Gamma Signaling R-HSA-877300	1/89	0.348953946118364	0.505760607597392	0	0	2.37033492822966	2.49552493790207	HLA-DRB1
Viral mRNA Translation R-HSA-192823	1/90	0.352092930362786	0.505760607597392	0	0	2.34358367829687	2.44637356664389	RPLP2
Collagen Formation R-HSA-1474290	1/90	0.352092930362786	0.505760607597392	0	0	2.34358367829687	2.44637356664389	MMP9
Selenocysteine Synthesis R-HSA-2408557	1/90	0.352092930362786	0.505760607597392	0	0	2.34358367829687	2.44637356664389	RPLP2
Eukaryotic Translation Elongation R-HSA-156842	1/90	0.352092930362786	0.505760607597392	0	0	2.34358367829687	2.44637356664389	RPLP2
Eukaryotic Translation Termination R-HSA-72764	1/90	0.352092930362786	0.505760607597392	0	0	2.34358367829687	2.44637356664389	RPLP2
RHO GTPase Cycle R-HSA-9012999	3/441	0.355306567936986	0.508223318694676	0	0	1.43364265723965	1.48349656349965	ARHGEF10;STMN2;MUC13
Nonsense Mediated Decay (NMD) Independent Of Exon Junction Complex (EJC) R-HSA-975956	1/92	0.358326036827566	0.510388766741786	0	0	2.29184499710815	2.35214799892276	RPLP2
VEGFA-VEGFR2 Pathway R-HSA-4420097	1/93	0.361420300149921	0.512642183057837	0	0	2.26681922196796	2.30697304911209	PTK2
Downstream TCR Signaling R-HSA-202424	1/94	0.364499797099579	0.514053853736892	0	0	2.24233163554046	2.2630267514479	HLA-DRB1
P75 NTR Receptor-Mediated Signaling R-HSA-193704	1/95	0.367564597279795	0.514053853736892	0	0	2.21836506159015	2.22026442767441	ARHGEF10
Metabolism Of Nucleotides R-HSA-15869	1/95	0.367564597279795	0.514053853736892	0	0	2.21836506159015	2.22026442767441	UCK2
Signaling By Rho GTPases R-HSA-194315	4/644	0.373539572907251	0.514053853736892	0	0	1.30869565217391	1.28871360811875	ARHGEF10;STMN2;MUC13;PTK2
Anchoring Of Basal Body To Plasma Membrane R-HSA-5620912	1/97	0.373650384955548	0.514053853736892	0	0	2.1719298245614	2.13812312511658	TUBB
Potential Therapeutics For SARS R-HSA-9679191	1/97	0.373650384955548	0.514053853736892	0	0	2.1719298245614	2.13812312511658	TUBB
Formation Of A Pool Of Free 40S Subunits R-HSA-72689	1/98	0.376671510248959	0.514053853736892	0	0	2.14943027672273	2.09866459602356	RPLP2
Visual Phototransduction R-HSA-2187338	1/98	0.376671510248959	0.514053853736892	0	0	2.14943027672273	2.09866459602356	GPC6
Response Of EIF2AK4 (GCN2) To Amino Acid Deficiency R-HSA-9633012	1/98	0.376671510248959	0.514053853736892	0	0	2.14943027672273	2.09866459602356	RPLP2
GPCR Ligand Binding R-HSA-500792	3/458	0.377579379293469	0.514053853736892	0	0	1.37887274016306	1.34298682716442	GRM8;HTR2C;F2RL1
Cellular Response To Heat Stress R-HSA-3371556	1/99	0.379678214520859	0.514843658890285	0	0	2.12738990332975	2.06023073332514	RPTOR
Organelle Biogenesis And Maintenance R-HSA-1852241	2/275	0.381286113009873	0.514964112790227	0	0	1.5299664874133	1.47520169332182	TUBB;CNGA2
Potassium Channels R-HSA-1296071	1/102	0.38861248085348	0.518351752124982	0	0	2.06388744137572	1.95072991081949	KCNH2
Signaling By VEGF R-HSA-194138	1/102	0.38861248085348	0.518351752124982	0	0	2.06388744137572	1.95072991081949	PTK2
Signaling By Rho GTPases, Miro GTPases And RHOBTB3 R-HSA-9716542	4/660	0.391036152656552	0.518351752124982	0	0	1.27571580063627	1.19784006284664	ARHGEF10;STMN2;MUC13;PTK2
Translation R-HSA-72766	2/281	0.39151069173351	0.518351752124982	0	0	1.49660642110882	1.40343137839193	MRPL3;RPLP2
Phase I - Functionalization Of Compounds R-HSA-211945	1/104	0.394497793652641	0.518351752124982	0	0	2.02360756259581	1.88224184211054	CYP26B1
Transport Of Inorganic Cations/Anions And Amino Acids/Oligopeptides R-HSA-425393	1/104	0.394497793652641	0.518351752124982	0	0	2.02360756259581	1.88224184211054	SLC36A1
MHC Class II Antigen Presentation R-HSA-2132295	1/104	0.394497793652641	0.518351752124982	0	0	2.02360756259581	1.88224184211054	HLA-DRB1
tRNA Processing R-HSA-72306	1/105	0.397419391194843	0.51925014777505	0	0	2.00404858299595	1.84926219301671	LAGE3
Metabolism Of Carbohydrates R-HSA-71387	2/285	0.398286143150055	0.51925014777505	0	0	1.47515224419217	1.35800240824407	CHST1;GPC6
O-linked Glycosylation R-HSA-5173105	1/107	0.403220799644778	0.51925014777505	0	0	1.96603773584906	1.78569501542377	MUC13
Interleukin-4 And Interleukin-13 Signaling R-HSA-6785807	1/107	0.403220799644778	0.51925014777505	0	0	1.96603773584906	1.78569501542377	MMP9
L13a-mediated Translational Silencing Of Ceruloplasmin Expression R-HSA-156827	1/108	0.406100742126499	0.51925014777505	0	0	1.94756517461879	1.75505618017298	RPLP2
SRP-dependent Cotranslational Protein Targeting To Membrane R-HSA-1799339	1/108	0.406100742126499	0.51925014777505	0	0	1.94756517461879	1.75505618017298	RPLP2
Extracellular Matrix Organization R-HSA-1474244	2/291	0.408384872176002	0.51925014777505	0	0	1.44408451741147	1.29324300859509	TNXB;MMP9
GTP Hydrolysis And Joining Of 60S Ribosomal Subunit R-HSA-72706	1/109	0.40896693054849	0.51925014777505	0	0	1.92943469785575	1.72514804407533	RPLP2
Degradation Of Extracellular Matrix R-HSA-1474228	1/109	0.40896693054849	0.51925014777505	0	0	1.92943469785575	1.72514804407533	MMP9
Nonsense Mediated Decay (NMD) Enhanced By Exon Junction Complex (EJC) R-HSA-975957	1/112	0.417483620429566	0.528085624349339	0	0	1.87700331910858	1.6395811091445	RPLP2
Macroautophagy R-HSA-1632852	1/114	0.423093827175321	0.531217805231236	0	0	1.84359571495109	1.5857897069044	RPTOR
Selenoamino Acid Metabolism R-HSA-2408522	1/114	0.423093827175321	0.531217805231236	0	0	1.84359571495109	1.5857897069044	RPLP2
TCR Signaling R-HSA-202403	1/116	0.428650559490387	0.534237278188387	0	0	1.81135011441648	1.53441866169795	HLA-DRB1
Cap-dependent Translation Initiation R-HSA-72737	1/116	0.428650559490387	0.534237278188387	0	0	1.81135011441648	1.53441866169795	RPLP2
Cell-Cell Communication R-HSA-1500931	1/120	0.4396056133838	0.54588389354252	0	0	1.75011057054401	1.43837612808051	PTK2
RNA Polymerase II Transcription R-HSA-73857	7/1312	0.443053486974791	0.546186332862614	0	0	1.12095225795342	0.912527751168738	RPTOR;FOXG1;TMEM219;PPARG;ZNF425;NR0B1;ZNF135
G Alpha (I) Signaling Events R-HSA-418594	2/312	0.443071508959347	0.546186332862614	0	0	1.34481811942347	1.09471436227385	GRM8;RGS6
Cardiac Conduction R-HSA-5576891	1/126	0.455649593125126	0.559656565468905	0	0	1.6656	1.30921356837768	KCNH2
Glycerophospholipid Biosynthesis R-HSA-1483206	1/127	0.458279035033115	0.560854125906953	0	0	1.65229741019215	1.28924972182696	PLD3
Autophagy R-HSA-9612973	1/128	0.460895907332001	0.562027743113484	0	0	1.63920430998757	1.26969988879887	RPTOR
Class A/1 (Rhodopsin-like Receptors) R-HSA-373076	2/327	0.467164535299554	0.567350160340088	0	0	1.28176759410802	0.975519681502896	HTR2C;F2RL1
Metabolism Of Lipids R-HSA-556833	4/732	0.46860780205081	0.567350160340088	0	0	1.14524605828954	0.868084032831228	MED11;FAAH2;PPARG;PLD3
Influenza Viral RNA Transcription And Replication R-HSA-168273	1/137	0.483891841506333	0.583769872849277	0	0	1.53003095975232	1.11064008725076	RPLP2
Death Receptor Signaling R-HSA-73887	1/139	0.488868711167274	0.587682599594702	0	0	1.50770404271548	1.07900545011531	ARHGEF10
C-type Lectin Receptors (CLRs) R-HSA-5621481	1/141	0.493798083528887	0.591510778502801	0	0	1.48601503759398	1.04857468551117	MUC13
RHOA GTPase Cycle R-HSA-8980692	1/147	0.508305681396264	0.605393621268021	0	0	1.42451333813987	0.96392868462255	ARHGEF10
Transcriptional Regulation By TP53 R-HSA-3700989	2/354	0.508959239119133	0.605393621268021	0	0	1.18181818181818	0.798185045218671	RPTOR;TMEM219
CDC42 GTPase Cycle R-HSA-9013148	1/149	0.5130495083859	0.608125116583287	0	0	1.40512091038407	0.937753711431257	ARHGEF10
Metabolism Of Amino Acids And Derivatives R-HSA-71291	2/364	0.523897719479328	0.618819954367568	0	0	1.14858351945457	0.74251193005739	RPLP2;AZIN1
Metabolism R-HSA-1430728	10/2049	0.527287494010432	0.62066132107478	0	0	1.01879626355829	0.652039134174088	MED11;CYP26B1;UCK2;FAAH2;RPLP2;CHST1;PPARG;GPC6;PLD3;AZIN1
SARS-CoV Infections R-HSA-9679506	2/369	0.531253773248461	0.621394149796468	0	0	1.13264537074613	0.716415703371498	TUBB;GPC6
Influenza Infection R-HSA-168255	1/157	0.531576116345061	0.621394149796468	0	0	1.33252361673414	0.842033507584417	RPLP2
Gene Expression (Transcription) R-HSA-74160	7/1449	0.549330811558255	0.639942079444152	0	0	1.00698156430675	0.603236784951911	RPTOR;FOXG1;TMEM219;PPARG;ZNF425;NR0B1;ZNF135
SUMO E3 Ligases SUMOylate Target Proteins R-HSA-3108232	1/168	0.555916160013578	0.645395815906175	0	0	1.24405924992121	0.730434195448227	PPARG
Innate Immune System R-HSA-168249	5/1035	0.558825557081378	0.646559262288693	0	0	1.00682812333298	0.585891324301802	TUBB;MUC13;MMP9;PLD3;PTK2
Fatty Acid Metabolism R-HSA-8978868	1/173	0.566561936409121	0.653280600145211	0	0	1.20758873929009	0.686114332794485	FAAH2
SUMOylation R-HSA-2990846	1/174	0.568660586492961	0.653477758715641	0	0	1.20054761180408	0.677674949239004	PPARG
Sensory Perception R-HSA-9709957	3/616	0.570979171917025	0.653925470540107	0	0	1.01515550176288	0.568895728275305	CNGA2;OR4C6;GPC6
Olfactory Signaling Pathway R-HSA-381753	2/401	0.576504350136672	0.654139730722654	0	0	1.04010025062657	0.572858504549818	CNGA2;OR4C6
Apoptosis R-HSA-109581	1/178	0.57695510172883	0.654139730722654	0	0	1.17317870948558	0.645237530756465	PTK2
RAC1 GTPase Cycle R-HSA-9013149	1/178	0.57695510172883	0.654139730722654	0	0	1.17317870948558	0.645237530756465	ARHGEF10
Major Pathway Of rRNA Processing In Nucleolus And Cytosol R-HSA-6791226	1/179	0.579003945966316	0.654274458941937	0	0	1.1665286812537	0.637444915765492	RPLP2
Intra-Golgi And Retrograde Golgi-to-ER Traffic R-HSA-6811442	1/181	0.583072221330862	0.656682667877615	0	0	1.15345029239766	0.622222095044875	CUX1
G2/M Transition R-HSA-69275	1/182	0.585091745345151	0.656775171099359	0	0	1.14701948240768	0.614787089023013	TUBB
Mitotic G2-G2/M Phases R-HSA-453274	1/184	0.589101796779541	0.659094089466219	0	0	1.13436870865689	0.600258326494869	TUBB
Metabolism Of Vitamins And Cofactors R-HSA-196854	1/186	0.593073491093442	0.65918660157599	0	0	1.12199146514936	0.586169806434988	GPC6
Mitotic Prometaphase R-HSA-68877	1/186	0.593073491093442	0.65918660157599	0	0	1.12199146514936	0.586169806434988	TUBB
rRNA Processing In Nucleus And Cytosol R-HSA-8868773	1/189	0.598959906342444	0.663553621732316	0	0	1.10391937290034	0.565825595363072	RPLP2
Peptide Ligand-Binding Receptors R-HSA-375276	1/196	0.612369195433249	0.674003757311271	0	0	1.06391363022942	0.521764435132821	F2RL1
Muscle Contraction R-HSA-397014	1/196	0.612369195433249	0.674003757311271	0	0	1.06391363022942	0.521764435132821	KCNH2
rRNA Processing R-HSA-72312	1/199	0.617979304296652	0.677977295005065	0	0	1.04763423710792	0.504226683378221	RPLP2
Signaling By NOTCH R-HSA-157118	1/203	0.625334641195142	0.683833688274687	0	0	1.02668056279312	0.481994026324271	NEURL1B
Phospholipid Metabolism R-HSA-1483257	1/208	0.634332006986322	0.689226122975523	0	0	1.00162725654717	0.455923490464215	PLD3
Programmed Cell Death R-HSA-5357801	1/208	0.634332006986322	0.689226122975523	0	0	1.00162725654717	0.455923490464215	PTK2
Biological Oxidations R-HSA-211859	1/218	0.651690159146587	0.705824165976655	0	0	0.9549842347805	0.408910923520481	CYP26B1
Cytokine Signaling In Immune System R-HSA-1280215	3/702	0.659774267347755	0.711154151087504	0	0	0.886289168858738	0.368570017212324	RSAD2;MMP9;HLA-DRB1
Neutrophil Degranulation R-HSA-6798695	2/468	0.660806954550336	0.711154151087504	0	0	0.88749885855173	0.36768503710164	TUBB;MMP9
Mitotic Anaphase R-HSA-68882	1/232	0.674629569819754	0.723139048290991	0	0	0.896468443836865	0.352842381206662	TUBB
Mitotic Metaphase And Anaphase R-HSA-2555396	1/233	0.676209670525794	0.723139048290991	0	0	0.892558983666062	0.349215565603209	TUBB
Infectious Disease R-HSA-5663205	4/961	0.68344799223819	0.728581350216183	0	0	0.860796874290128	0.327623349936795	TUBB;RPLP2;GPC6;PTK2
Leishmania Infection R-HSA-9658195	1/247	0.697549917076176	0.738966943402574	0	0	0.841163885323064	0.302971419418056	PTK2
SLC-mediated Transmembrane Transport R-HSA-425407	1/247	0.697549917076176	0.738966943402574	0	0	0.841163885323064	0.302971419418056	SLC36A1
Platelet Activation, Signaling And Aggregation R-HSA-76002	1/254	0.707691974171931	0.74737563627503	0	0	0.81759933430414	0.28268198125291	PTK2
RHO GTPase Effectors R-HSA-195258	1/269	0.728305439918612	0.766756348237297	0	0	0.771249018067557	0.244512746146699	PTK2
SARS-CoV-2 Infection R-HSA-9694516	1/283	0.746243814962308	0.783209452855178	0	0	0.732437476670399	0.214386575297312	GPC6
Metabolism Of RNA R-HSA-8953854	2/666	0.833889378225922	0.871658166387413	0	0	0.616508587541656	0.111991574898168	RPLP2;LAGE3
Immune System R-HSA-168256	7/1943	0.835660483999733	0.871658166387413	0	0	0.729965642120903	0.131052825274264	RSAD2;TUBB;MUC13;MMP9;PLD3;PTK2;HLA-DRB1
M Phase R-HSA-68886	1/380	0.842128368436252	0.875710174539538	0	0	0.542285793639772	0.0931770741925386	TUBB
Expression And Translocation Of Olfactory Receptors R-HSA-9752946	1/393	0.851883561991729	0.883145344083168	0	0	0.523952738990333	0.0839924669340286	OR4C6
Cellular Responses To Stress R-HSA-2262752	2/722	0.865922095271841	0.894962165540104	0	0	0.566903073286052	0.0816115556266046	RPTOR;RPLP2
Cellular Responses To Stimuli R-HSA-8953897	2/736	0.873004113156655	0.899539192583908	0	0	0.555684387500725	0.0754702815532341	RPTOR;RPLP2
Signaling By Interleukins R-HSA-449147	1/453	0.889715479498515	0.913980447121201	0	0	0.453004191895668	0.0529351494932798	MMP9
Metabolism Of Proteins R-HSA-392499	6/1890	0.900723377104637	0.922493126400217	0	0	0.637650389242746	0.0666708666849996	MRPL3;TUBB;RPLP2;MUC13;PPARG;RGS6
Cell Cycle, Mitotic R-HSA-69278	1/523	0.921912832223254	0.941350753384588	0	0	0.390844928412987	0.0317774913296278	TUBB
Hemostasis R-HSA-109582	1/576	0.939924307296073	0.956859880400507	0	0	0.353848970251716	0.0219230424254787	PTK2
Membrane Trafficking R-HSA-199991	1/599	0.946397853266124	0.960565485800048	0	0	0.339834536173209	0.018722244004313	CUX1
Vesicle-mediated Transport R-HSA-5653656	1/637	0.955614240714467	0.96702456000658	0	0	0.318901026150281	0.014478413134462	CUX1
Cell Cycle R-HSA-1640170	1/654	0.959211755905524	0.967776146583252	0	0	0.31032481663577	0.0129229864880648	TUBB
Post-translational Protein Modification R-HSA-597592	3/1383	0.96603140703848	0.97138433703652	0	0	0.433006077606358	0.0149642279535534	TUBB;MUC13;PPARG
Transport Of Small Molecules R-HSA-382551	1/706	0.968518896514289	0.97138433703652	0	0	0.286659201194476	0.00916944962697483	SLC36A1
Adaptive Immune System R-HSA-1280218	1/733	0.972487806704044	0.972487806704044	0	0	0.275697440322117	0.00769133596688913	HLA-DRB1
